fact_id,status,theme,theme_group,sub_theme,raw_text,astrological_trigger_json,interpretation_text,interpretation_summary_ai,confidence_score,source_name,source_reference,last_updated,notes
5d9255421e70282d_fact_1,Passed,"Foundational Concepts,career_public_life,core_self_vitality,relationships","Astrological Principles,Identity & Personality,Prominence & Governance,Public Interaction","authority_leadership,general_principle,other_public_interaction,public_image_reputation,self_identity_character","When the Lagna Lord is placed in the 10th house,or conjunct the 10th lord,the individual's entire identity becomes synonymous with their public role and authority.","{""type"": ""conjunction"", ""planet_names"": [], ""house"": 10}","When the Lagna Lord is positioned in the 10th house, or when it forms a conjunction with the 10th lord, the individual's sense of self becomes deeply intertwined with their public image, career, and authority. Their personal identity is largely defined by their professional life and the role they play in the public sphere. This signifies a strong connection between their inner self and their outward projection, creating a consistent and impactful public persona where career and public life are central to their identity","The Lagna Lord in or conjunct the 10th house merges personal identity with public role and authority, making career central to one's sense of self",0.95,Gemini,Page 1,2025-09-22T00:26:33.135687,
5af0ad743dcd7673_fact_2,Passed,"Foundational Concepts,yogas","Astrological Principles,Strength & Success Yogas","definition,general_principle,raja_yogas","Ultimately, true prominence is granted by Raja Yogas, formed by the connection of Kendra lords (1, 4, 7, 10) and Trikona lords (1, 5, 9).","{""type"": ""house_group_definition"", ""group_name"": ""Kendra"", ""houses"": [1, 4, 7, 10], ""description"": ""Raja Yogas are formed by the connection of Kendra lords.""}",Interpretation at Source: Raja Yogas are formed by the connection of Kendra lords,"Raja Yogas form from the connection of Kendra house lords. (Additional Context: This suggests strong potential for success and leadership, particularly in areas of life represented by the Kendra houses (career, home, relationships, public image",0.95,Gemini,Page 1,2025-09-22T00:26:33.135790,
5af0ad743dcd7673_fact_3,Passed,Foundational Concepts,Astrological Principles,"definition,general_principle","Ultimately, true prominence is granted by Raja Yogas, formed by the connection of Kendra lords (1, 4, 7, 10) and Trikona lords (1, 5, 9).","{""type"": ""house_group_definition"", ""group_name"": ""Kendra"", ""houses"": [1, 4, 7, 10], ""description"": ""The Kendra lords are the lords of the 1st, 4th, 7th, and 10th houses.""}","Interpretation at Source: Kendra lords are the lords of the 1st, 4th, 7th, and 10th houses","Kendra lords rule the 1st, 4th, 7th, and 10th houses. (Additional Context: This highlights the importance of these houses (self, home, partnerships, career) and their rulers in shaping a person's life. The nature of the Kendra lords indicates the overall strength and stability in these areas",0.95,Gemini,Page 1,2025-09-22T00:26:33.135790,
5af0ad743dcd7673_fact_4,Passed,"Foundational Concepts,yogas","Astrological Principles,Strength & Success Yogas","definition,general_principle,raja_yogas","Ultimately, true prominence is granted by Raja Yogas, formed by the connection of Kendra lords (1, 4, 7, 10) and Trikona lords (1, 5, 9).","{""type"": ""house_group_definition"", ""group_name"": ""Trikona"", ""houses"": [1, 5, 9], ""description"": ""Houses 1, 5, and 9 are considered Trikona houses in Vedic astrology.""}",Interpretation at Source: Raja Yogas are formed by the connection of Trikona lords,"Raja Yogas are formed by connecting Trikona house lords. (Additional Context: The formation of Raja Yogas through Trikona lords suggests auspiciousness and potential for significant gains in areas governed by these houses (self, creativity, and fortune",0.95,Gemini,Page 1,2025-09-22T00:26:33.135790,
5af0ad743dcd7673_fact_5,Passed,Foundational Concepts,Astrological Principles,definition,"Ultimately, true prominence is granted by Raja Yogas, formed by the connection of Kendra lords (1, 4, 7, 10) and Trikona lords (1, 5, 9).","{""type"": ""house_group_definition"", ""group_name"": ""Trikona"", ""houses"": [1, 5, 9], ""description"": ""The Trikona lords are the lords of the 1st, 5th, and 9th houses.""}","Interpretation at Source: Trikona lords are the lords of the 1st, 5th, and 9th houses","Trikona houses are the 1st, 5th, and 9th houses. (Additional Context: The Trikona houses represent fortune, dharma, and spiritual pursuits. Their lordships suggest a strong influence on these areas of life",0.95,Gemini,Page 1,2025-09-22T00:26:33.135790,
5af0ad743dcd7673_fact_1,Passed,yogas,Strength & Success Yogas,raja_yogas,"Ultimately, true prominence is granted by Raja Yogas, formed by the connection of Kendra lords (1, 4, 7, 10) and Trikona lords (1, 5, 9).","{""type"": ""house_group_definition"", ""group_name"": ""string"", ""houses"": [], ""description"": ""string""}",Interpretation at Source: True prominence is granted by Raja Yogas,"Raja Yogas grant true prominence. (Additional Context: The presence of Raja Yogas suggests significant potential for achievement and influence in the native's life, potentially impacting their career and public standing",0.95,Gemini,Page 1,2025-09-22T00:26:33.135790,
f9dbeae382f0f79b_fact_1,Passed,"Foundational Concepts,core_self_vitality","Astrological Principles,Identity & Personality","definition,general_principle,self_identity_character","Primary Houses: The 1st House (Lagna - the self and status) and the 10th House (Karma Sthana - public status, power).","{""type"": ""house_profile"", ""house"": 1, ""planet_in_house"": null, ""aspected_by_planet"": null, ""state"": """", ""classifications"": [], ""karakas"": [], ""significations"": []}",The 1st house is a primary foundation point representing the self and status,"The 1st house is a foundational point representing self and status. (Additional Context: The 1st house's foundation signifies the individual's personality, life path, and how they present themselves to the world. Its strength or weakness impacts all other houses",0.95,Gemini,Page 1,2025-09-22T00:26:33.135570,AI_CORRECTED: JSON passed validation after AI fix.
5d9255421e70282d_fact_3,Passed,"career_public_life,core_self_vitality","Identity & Personality,Prominence & Governance","authority_leadership,public_image_reputation,self_identity_character","When the Lagna Lord is placed in the 10th house, or conjunct the 10th lord, the individual's entire identity becomes synonymous with their public role and authority.","{""type"": ""house_profile"", ""house"": 10, ""planet_in_house"": ""Lagna Lord"", ""aspected_by_planet"": null, ""state"": """", ""classifications"": [], ""karakas"": [], ""significations"": []}","In the interpretation at source, if the Lagna Lord is in the 10th house, the individual's identity is synonymous with their public role and authority","Lagna Lord in the 10th house equates personal identity with public role and authority. (Additional Context: This suggests a strong connection between one's inner self and their public persona. The individual's career and public life are likely to be central to their sense of self, and their success in these areas will significantly impact their overall well-being and self-esteem",0.95,Gemini,Page 1,2025-09-22T00:26:33.135687,AI_CORRECTED: JSON passed validation after AI fix.
4c0f87ec937c62b7_fact_7,Passed,career_public_life,Prominence & Governance,,"The strength of Mars provides the executive ability and courage needed for military, defense, or management roles, especially when influencing the 3rd (courage) or 10th house.","{""type"": ""house_profile"", ""house"": 10, ""planet_in_house"": ""Mars"", ""aspected_by_planet"": null, ""state"": """", ""classifications"": [], ""karakas"": [], ""significations"": []}",Interpretation at Source: Mars's influence on the 10th house enhances career prospects,"Mars in the 10th house improves career prospects. (Additional Context: This suggests a strong drive and ambition in career matters, potentially leading to leadership roles and public recognition. Mars's energy might manifest as assertive career moves",0.95,Gemini,Page 1,2025-09-22T00:26:33.135732,AI_CORRECTED: JSON passed validation after AI fix.
06b0bfb13db3cee8_fact_1,Passed,"career_public_life,doshas","Malefic Influences,Prominence & Governance","other_malefic_influences,public_image_reputation",Malefic influences on the 10th house or the Moon can create a controversial or hard-won reputation.,"{""type"": ""house_profile"", ""house"": 10, ""planet_in_house"": null, ""aspected_by_planet"": null, ""state"": ""malefic_influence"", ""classifications"": [], ""karakas"": [], ""significations"": []}","When the 10th house, the house of career, public image, and reputation, is afflicted by malefic influences, it suggests that recognition and success may not come easily. Such a placement can lead to a reputation that is hard-won, requiring significant effort and perseverance to overcome obstacles and achieve professional goals. Furthermore, these malefic influences can also manifest as a controversial reputation, potentially leading to public scrutiny, disagreements, or a need to navigate complex interpersonal dynamics in the professional sphere","Malefic influences on the 10th house indicate a reputation earned through struggle and potentially marked by controversy, requiring careful navigation of public image",0.95,Gemini,Page 1,2025-09-22T00:26:33.135775,
f9dbeae382f0f79b_fact_2,Passed,"Foundational Concepts,career_public_life","Astrological Principles,Career Dynamics,Other,Prominence & Governance","authority_leadership,career_stability_longevity,definition,general_principle,other_career_related,politics_public_service,public_image_reputation","Its placement in the 10th house is a powerful signature for a career in governance,Primary Houses: The 1st House (Lagna - the self and status) and the 10th House (Karma Sthana - public status,Your potential to achieve prominence,and a respected public reputation is determined by the combined strength of your Ascendant,and key planets like the Sun.,authority,or a high-level executive position.,politics,power).,your 10th house","{""type"": ""house_profile"", ""house"": 10, ""planet_in_house"": null, ""aspected_by_planet"": null, ""state"": """", ""classifications"": [], ""karakas"": [], ""significations"": []}","The 10th house is a cornerstone of the birth chart, signifying public image, career, and authority. It represents one's status in the world and potential for leadership. A prominent 10th house often suggests careers in governance, politics, or high-level executive positions, reflecting a drive for public recognition and influence","The 10th house governs career, public image, and authority, indicating potential for leadership roles in government, politics, or executive positions",0.95,Gemini,Page 1,2025-09-22T00:26:33.135570,AI_CORRECTED: JSON passed validation after AI fix.
fe9830862168c4dd_fact_1,Passed,"career_public_life,relationships","Prominence & Governance,Public Interaction,Social & Family Relations","friendships_social_circle,networking_influence,partnerships_collaborations,public_image_reputation,social_influence_presence","Success in networking is seen via a strong 11th house (network) and its lord,Your public image and ability to influence others are further shaped by the condition of the Moon and your 11th house,especially when connected to the 10th or 1st lords.,which governs your professional network.","{""type"": ""house_profile"", ""house"": 11, ""planet_in_house"": null, ""aspected_by_planet"": null, ""state"": """", ""classifications"": [], ""karakas"": [], ""significations"": []}","The 11th house signifies gains, aspirations, friendships, and large networks, particularly professional ones. A strong 11th house generally indicates success in networking and achieving goals through collaborations. The strength and influence of the 11th house lord are key factors in this success, with connections to the 1st house (self-expression and identity) and 10th house (career and public standing) lords further amplifying the potential for impactful networking and social influence. The overall condition of the 11th house also shapes public image and the ability to influence others","The 11th house governs professional networks, social influence, public image, and achieving goals through collaborations",0.95,Gemini,Page 1,2025-09-22T00:26:33.135821,AI_CORRECTED: JSON passed validation after AI fix.
4c0f87ec937c62b7_fact_6,Passed,"career_public_life,core_self_vitality,learning_education_creativity,relationships,travel_dharma_spirituality","Identity & Personality,Profession & Field,Skills & Creativity,Social & Family Relations,Travel & Journeys","communication_media_publishing,confidence_charisma,friendships_social_circle,short_travel_local","The strength of Mars provides the executive ability and courage needed for military, defense, or management roles, especially when influencing the 3rd (courage) or 10th house.","{""type"": ""house_profile"", ""house"": 3, ""planet_in_house"": ""Mars"", ""aspected_by_planet"": null, ""state"": ""enhances"", ""classifications"": [""enhancement""], ""karakas"": [], ""significations"": []}",Interpretation at Source: Mars's influence on the 3rd house enhances courage,"Mars in the 3rd house increases courage. (Additional Context: This suggests increased assertiveness in communication, sibling relationships, and short journeys. Mars's energy might manifest as bold self-expression and potentially short-tempered interactions",0.95,Gemini,Page 1,2025-09-22T00:26:33.135732,
4c0f87ec937c62b7_fact_5,Passed,career_public_life,"Profession & Field,Prominence & Governance","authority_leadership,other_profession_type","The strength of Mars provides the executive ability and courage needed for military, defense, or management roles, especially when influencing the 3rd (courage) or 10th house.","{""type"": ""house_profile"", ""house"": null, ""planet_in_house"": ""Mars"", ""aspected_by_planet"": null, ""state"": ""strength"", ""classifications"": [""management roles""], ""karakas"": [], ""significations"": []}",Interpretation at Source: Mars's strength is needed for management roles,Mars's strength is needed for management roles. (Additional Context: This suggests Mars's energy is crucial for success in leadership positions. The house where Mars is placed might indicate the area of life where this managerial strength is most effective,0.95,Gemini,Page 1,2025-09-22T00:26:33.135732,
4c0f87ec937c62b7_fact_4,Passed,career_public_life,Prominence & Governance,military_defense_security,"The strength of Mars provides the executive ability and courage needed for military, defense, or management roles, especially when influencing the 3rd (courage) or 10th house.","{""type"": ""house_profile"", ""house"": null, ""planet_in_house"": ""Mars"", ""aspected_by_planet"": null, ""state"": ""strength"", ""classifications"": [], ""karakas"": [], ""significations"": [""defense roles""]}",Interpretation at Source: Mars's strength is needed for defense roles,"Mars's strength is needed for defense roles. (Additional Context: This suggests a strong need for assertive action and protection in matters related to the house where Mars is placed. Mars's nature, typically associated with energy and aggression, is channeled towards defense, implying a potential for conflict or the need for strong boundaries",0.95,Gemini,Page 1,2025-09-22T00:26:33.135732,
4c0f87ec937c62b7_fact_1,Passed,"career_public_life,core_self_vitality,health_risks_longevity","Identity & Personality,Physical Health,Prominence & Governance","authority_leadership,confidence_charisma,vitality_energy_levels","The strength of Mars provides the executive ability and courage needed for military, defense, or management roles, especially when influencing the 3rd (courage) or 10th house.","{""type"": ""house_profile"", ""house"": null, ""planet_in_house"": ""Mars"", ""aspected_by_planet"": null, ""state"": ""strength"", ""classifications"": [], ""karakas"": [], ""significations"": [""executive ability""]}",Interpretation at Source: Mars's strength provides executive ability,"Mars's strength grants executive ability. (Additional Context: This suggests a strong drive, assertive nature, and potential for leadership roles. The house Mars occupies will indicate the area of life where this executive ability manifests",0.95,Gemini,Page 1,2025-09-22T00:26:33.135732,
4c0f87ec937c62b7_fact_3,Passed,career_public_life,Prominence & Governance,military_defense_security,"The strength of Mars provides the executive ability and courage needed for military, defense, or management roles, especially when influencing the 3rd (courage) or 10th house.","{""type"": ""house_profile"", ""house"": null, ""planet_in_house"": ""Mars"", ""aspected_by_planet"": null, ""state"": ""strength"", ""classifications"": [], ""karakas"": [], ""significations"": [""military_defense_security""]}",Interpretation at Source: Mars's strength is needed for military roles,"Mars's strength is needed for military roles. (Additional Context: This suggests a strong aptitude for military or leadership roles, potentially indicating success in such fields. Mars's energy might be channeled effectively towards assertive actions and strategic planning",0.95,Gemini,Page 1,2025-09-22T00:26:33.135732,
4c0f87ec937c62b7_fact_2,Passed,"core_self_vitality,health_risks_longevity","Identity & Personality,Physical Health","confidence_charisma,vitality_energy_levels","The strength of Mars provides the executive ability and courage needed for military, defense, or management roles, especially when influencing the 3rd (courage) or 10th house.","{""type"": ""house_profile"", ""house"": null, ""planet_in_house"": ""Mars"", ""aspected_by_planet"": null, ""state"": ""strength"", ""classifications"": [], ""karakas"": [], ""significations"": []}",Interpretation at Source: Mars's strength provides courage,"Mars's strength provides courage. (Additional Context: This suggests the native possesses courage and assertive energy, potentially impacting their actions and approach to life challenges",0.95,Gemini,Page 1,2025-09-22T00:26:33.135732,
06b0bfb13db3cee8_fact_2,Passed,"career_public_life,doshas","Malefic Influences,Prominence & Governance","other_malefic_influences,public_image_reputation",Malefic influences on the 10th house or the Moon can create a controversial or hard-won reputation.,"{""type"": ""house_profile"", ""house"": null, ""planet_in_house"": ""Moon"", ""aspected_by_planet"": null, ""state"": ""malefic_influence"", ""classifications"": [], ""karakas"": [], ""significations"": []}","When the Moon experiences malefic influences, it can significantly impact one's reputation. This can manifest as a controversial public image, marked by disputes and challenges to their standing. Alternatively, or even concurrently, the individual may find their reputation hard-won, requiring significant effort and perseverance to establish due to various obstacles and difficult experiences. This struggle can also stem from a negatively impacted lunar nature, potentially leading to emotional instability or difficulties navigating public life","Malefic influences on the Moon create a reputation that is both hard-won due to obstacles and potentially controversial, reflecting emotional struggles in public life",0.95,Gemini,Page 1,2025-09-22T00:26:33.135775,
70ebc35920bed9d1_fact_1,Passed,"career_public_life,relationships","Prominence & Governance,Public Interaction","public_image_reputation,social_influence_presence","Your public image and ability to influence others are further shaped by the condition of the Moon and your 11th house,which governs your professional network.","{""type"": ""house_profile"", ""house"": null, ""planet_in_house"": ""Moon"", ""aspected_by_planet"": null, ""state"": """", ""classifications"": [], ""karakas"": [], ""significations"": []}","The Moon's presence in a house significantly shapes how one is perceived by the public, influencing their overall image and reputation. Furthermore, this lunar influence extends to one's capacity to influence and sway others, impacting their ability to persuade, lead, and navigate social dynamics. The specific house occupied by the Moon reveals the area of life where this interplay of public image and social influence is most prominently expressed","The Moon's house placement influences public image and the ability to persuade or lead, impacting the corresponding life area",0.95,Gemini,Page 1,2025-09-22T00:26:33.135863,AI_CORRECTED: JSON passed validation after AI fix.
b9ab365b1985c92b_fact_3,Passed,career_public_life,Prominence & Governance,public_image_reputation,"Your potential to achieve prominence, authority, and a respected public reputation is determined by the combined strength of your Ascendant, your 10th house, and key planets like the Sun.","{""type"": ""house_profile"", ""house"": null, ""planet_in_house"": ""Sun"", ""aspected_by_planet"": null, ""state"": """", ""classifications"": [], ""karakas"": [], ""significations"": []}",The Summary: Your potential for a respected public reputation is determined by key planets like the Sun,"Public reputation depends on key planets like the Sun. (Additional Context: The Sun's placement and aspects significantly impact one's public image and standing. A strong Sun suggests potential for respect and recognition, while a weak Sun might indicate challenges in this area",0.95,Gemini,Page 1,2025-09-22T00:26:33.135835,AI_CORRECTED: JSON passed validation after AI fix.
486ec7ac808ad4db_fact_1,Passed,"Foundational Concepts,career_public_life,core_self_vitality,yogas","Astrological Principles,Identity & Personality,Prominence & Governance,Purpose & Direction,Strength & Success Yogas","authority_leadership,confidence_charisma,definition,general_principle,life_path_purpose,other_prominence_governance,other_strength_success_yogas,public_image_reputation,self_identity_character","A powerful Lagna and Lagna Lord are essential,The Ascendant Lord (Lagna Lord): Its strength and placement.,When the Lagna Lord is placed in the 10th house,Your potential to achieve prominence,and a respected public reputation is determined by the combined strength of your Ascendant,and key planets like the Sun.,as they provide the personal drive and charisma to achieve high status.,authority,or conjunct the 10th lord,the individual's entire identity becomes synonymous with their public role and authority.,your 10th house","{""type"": ""house_profile"", ""house"": null, ""planet_in_house"": null, ""aspected_by_planet"": null, ""state"": """", ""classifications"": [], ""karakas"": [], ""significations"": []}","The Ascendant (Lagna) and its ruling planet (Lagna Lord) are foundational to understanding one's potential for prominence and high status. A strong Ascendant provides the inherent drive and ambition, while a strong Lagna Lord bestows the charisma and leadership qualities necessary for achieving recognition. The placement of the Lagna Lord is crucial, as it further refines how these energies manifest. When the Lagna Lord conjuncts the 10th lord, the individual's sense of self becomes deeply intertwined with their public role and authority, signifying that their career or public image becomes a primary expression of their identity","A strong Ascendant and its ruler are fundamental for achieving prominence, with the Lagna Lord's placement and aspects, especially to the 10th house, shaping public image and authority",0.95,Gemini,Page 1,2025-09-22T00:26:33.135604,AI_CORRECTED: JSON passed validation after AI fix.
664e4e05b239e860_fact_1,Passed,career_public_life,Prominence & Governance,authority_leadership,"Key Planets (Grahas): The Sun (Surya - natural significator of authority), Mars (Mangala - command), Saturn (Shani - influence over the masses), and the Moon (Chandra - public perception).","{""type"": ""karaka"", ""karaka_type"": ""natural significator"", ""planet_name"": ""Sun"", ""signification"": ""authority""}","For Foundation Points, the Sun (Surya) is a key planet and the natural significator of authority","The Sun is a key planet for Foundation Points, signifying authority. (Additional Context: The Sun's role as a significator of authority in Foundation Points suggests a strong emphasis on leadership and self-expression in matters related to the foundational aspects of one's life",0.95,Gemini,Page 1,2025-09-22T00:26:33.135588,
664e4e05b239e860_fact_2,Passed,"Foundational Concepts,career_public_life","Astrological Principles,Prominence & Governance","authority_leadership,definition,general_principle","Key Planets (Grahas): The Sun (Surya - natural significator of authority), Mars (Mangala - command), Saturn (Shani - influence over the masses), and the Moon (Chandra - public perception).","{""type"": ""karaka"", ""karaka_type"": ""planet"", ""planet_name"": ""Mars"", ""signification"": ""command""}","For Foundation Points, Mars (Mangala) is a key planet signifying command",Mars signifies command in Foundation Points. (Additional Context: Mars's association with command suggests assertive energy and leadership potential within the house's affairs. It implies a forceful and direct approach to matters related to the house,0.95,Gemini,Page 1,2025-09-22T00:26:33.135588,
664e4e05b239e860_fact_4,Passed,"career_public_life,relationships","Prominence & Governance,Public Interaction","public_image_reputation,social_influence_presence","Key Planets (Grahas): The Sun (Surya - natural significator of authority), Mars (Mangala - command), Saturn (Shani - influence over the masses), and the Moon (Chandra - public perception).","{""type"": ""karaka"", ""karaka_type"": ""planet"", ""planet_name"": ""Moon"", ""signification"": ""public perception""}","For Foundation Points, the Moon (Chandra) is a key planet signifying public perception","The Moon signifies public perception in Foundation Points. (Additional Context: This suggests the Moon's placement and aspects strongly influence how the individual is perceived publicly, impacting reputation and social standing",0.95,Gemini,Page 1,2025-09-22T00:26:33.135588,
664e4e05b239e860_fact_3,Passed,"career_public_life,doshas,relationships","Malefic Influences,Prominence & Governance,Public Interaction","authority_leadership,saturn_affliction,social_influence_presence","Key Planets (Grahas): The Sun (Surya - natural significator of authority), Mars (Mangala - command), Saturn (Shani - influence over the masses), and the Moon (Chandra - public perception).","{""type"": ""karaka"", ""karaka_type"": ""planet"", ""planet_name"": ""Saturn"", ""signification"": ""influence over the masses""}","For Foundation Points, Saturn (Shani) is a key planet signifying influence over the masses","Saturn significantly influences the masses in Foundation Points. (Additional Context: Saturn's influence on the masses suggests a strong karmic weight related to societal structures and responsibilities within the house's affairs. This could indicate challenges related to authority, public image, or widespread impact, depending on the house placement",0.95,Gemini,Page 1,2025-09-22T00:26:33.135588,
fe9830862168c4dd_fact_6,Passed,"career_public_life,relationships","Prominence & Governance,Public Interaction","networking_influence,partnerships_collaborations","Success in networking is seen via a strong 11th house (network) and its lord, especially when connected to the 10th or 1st lords.","{""type"": ""lordship"", ""lord_of_house"": 11, ""placed_in_house"": null, ""planet_name"": null}",Interpretation at Source: Connections between the 11th house lord and the 10th or 1st house lords enhance networking success,"11th house lord's connection with 10th or 1st house lords improves networking. (Additional Context: This suggests strong networking abilities and successful collaborations, impacting career (10th house) and self-image (1st house",0.95,Gemini,Page 1,2025-09-22T00:26:33.135821,AI_CORRECTED: JSON passed validation after AI fix.
fe9830862168c4dd_fact_5,Passed,"career_public_life,relationships","Prominence & Governance,Public Interaction","networking_influence,partnerships_collaborations","Success in networking is seen via a strong 11th house (network) and its lord, especially when connected to the 10th or 1st lords.","{""type"": ""lordship"", ""lord_of_house"": 11, ""placed_in_house"": null, ""planet_name"": null}",Interpretation at Source: The lord of the 11th house is also significant for networking success,"The 11th house lord is important for networking success. (Additional Context: This suggests the 11th house's affairs, representing gains, friends, and aspirations, are strongly influenced by the planet ruling it, potentially indicating success in networking and collaborations depending on the planet's nature and placement",0.95,Gemini,Page 1,2025-09-22T00:26:33.135821,
5d9255421e70282d_fact_5,Passed,"career_public_life,core_self_vitality","Identity & Personality,Prominence & Governance","authority_leadership,public_image_reputation,self_identity_character","When the Lagna Lord is placed in the 10th house, or conjunct the 10th lord, the individual's entire identity becomes synonymous with their public role and authority.","{""type"": ""lordship"", ""lord_of_house"": null, ""placed_in_house"": 10, ""planet_name"": null}","In the interpretation at source, if the Lagna Lord is in the 10th house, the individual's identity is synonymous with their public role and authority","Lagna Lord in the 10th house equates personal identity with public role and authority. (Additional Context: This suggests a strong connection between one's inner self and their public persona. The individual's career and public life are likely to be central to their sense of self, and their authority is likely to be well-established and respected",0.95,Gemini,Page 1,2025-09-22T00:26:33.135687,
fe9830862168c4dd_fact_4,Passed,"career_public_life,relationships","Prominence & Governance,Public Interaction","networking_influence,partnerships_collaborations","Success in networking is seen via a strong 11th house (network) and its lord, especially when connected to the 10th or 1st lords.","{""type"": ""lordship"", ""lord_of_house"": null, ""placed_in_house"": 11, ""planet_name"": null}",Interpretation at Source: Success in networking is indicated by a strong 11th house,Strong 11th house indicates success in networking. (Additional Context: A strong 11th house suggests a positive environment for collaborations and gaining support from friends and networks. The individual may experience success through social connections and group efforts,0.95,Gemini,Page 1,2025-09-22T00:26:33.135821,
486ec7ac808ad4db_fact_3,Passed,"Foundational Concepts,career_public_life,core_self_vitality","Astrological Principles,Identity & Personality,Prominence & Governance,Purpose & Direction","authority_leadership,confidence_charisma,definition,general_principle,life_path_purpose,other_identity_personality,self_identity_character","A powerful Lagna and Lagna Lord are essential,The Ascendant Lord (Lagna Lord): Its strength and placement.,When the Lagna Lord is placed in the 10th house,as they provide the personal drive and charisma to achieve high status.,or conjunct the 10th lord,the individual's entire identity becomes synonymous with their public role and authority.","{""type"": ""lordship"", ""lord_of_house"": null, ""placed_in_house"": null, ""planet_name"": null}","The Ascendant (Lagna) and its ruling planet (Lagna Lord) are foundational to an individual's astrological chart, influencing their overall life direction and potential for achieving high status. A strong Ascendant provides the inherent drive and ambition for worldly achievement, while a strong Ascendant Lord bestows the charisma and public image necessary to attain and maintain prominence. The Ascendant Lord's placement further refines this potential, indicating specific areas of life where these foundational strengths manifest. When the Ascendant Lord conjuncts the 10th lord (ruler of career and public image), the individual's sense of self becomes deeply intertwined with their public role and authority, suggesting a powerful alignment between personal identity and professional life","A strong Ascendant and its Lord are fundamental for life direction and achieving high status, especially when the Lord conjuncts the 10th lord, merging personal identity with public role",0.95,Gemini,Page 1,2025-09-22T00:26:33.135604,
5d9255421e70282d_fact_7,Passed,"career_public_life,core_self_vitality","Identity & Personality,Prominence & Governance","authority_leadership,other_identity_personality,public_image_reputation,self_identity_character","When the Lagna Lord is placed in the 10th house, or conjunct the 10th lord, the individual's entire identity becomes synonymous with their public role and authority.","{""type"": ""placement"", ""planet_name"": null, ""house"": 10, ""sign"": null}","In the interpretation at source, if the Lagna Lord is in the 10th house, the individual's identity is synonymous with their public role and authority","Lagna Lord in the 10th house equates personal identity with public role and authority. (Additional Context: This suggests a strong connection between one's inner self and their public persona. The individual's career and public life are likely central to their sense of self, and their authority is likely well-established and respected",0.95,Gemini,Page 1,2025-09-22T00:26:33.135687,
5d9255421e70282d_fact_8,Passed,"Foundational Concepts,career_public_life,core_self_vitality","Astrological Principles,Identity & Personality,Prominence & Governance","authority_leadership,general_principle,public_image_reputation,self_identity_character","When the Lagna Lord is placed in the 10th house, or conjunct the 10th lord, the individual's entire identity becomes synonymous with their public role and authority.","{""type"": ""placement"", ""planet_name"": null, ""house"": null, ""sign"": null}","In the interpretation at source, if the Lagna Lord conjuncts the 10th lord, the individual's identity is synonymous with their public role and authority","Lagna Lord's conjunction with the 10th lord equates personal identity with public role and authority. (Additional Context: This suggests a strong connection between one's inner self and their outward projection, indicating a life where personal values are prominently displayed in their career and public life. The individual's public image likely reflects their core personality",0.95,Gemini,Page 1,2025-09-22T00:26:33.135687,
4c0f87ec937c62b7_fact_14,Passed,career_public_life,Prominence & Governance,,"The strength of Mars provides the executive ability and courage needed for military, defense, or management roles, especially when influencing the 3rd (courage) or 10th house.","{""type"": ""planet_profile"", ""planet_name"": ""Mars"", ""house"": 10, ""aspects_house"": null, ""karaka_for"": [], ""state"": null, ""sign"": null, ""friends"": [], ""enemies"": [], ""neutral_to"": []}",Interpretation at Source: Mars's influence on the 10th house enhances career prospects,"Mars in the 10th house improves career prospects. (Additional Context: This suggests a strong drive and ambition in one's professional life, potentially leading to success and recognition in their career. Mars's energetic nature could manifest as assertive leadership or competitive drive",0.95,Gemini,Page 1,2025-09-22T00:26:33.135732,
4c0f87ec937c62b7_fact_13,Passed,core_self_vitality,"Identity & Personality,Purpose & Direction","confidence_charisma,other_purpose_direction","The strength of Mars provides the executive ability and courage needed for military, defense, or management roles, especially when influencing the 3rd (courage) or 10th house.","{""type"": ""planet_profile"", ""planet_name"": ""Mars"", ""house"": 3, ""aspects_house"": null, ""karaka_for"": [], ""state"": ""enhances"", ""sign"": null, ""friends"": [], ""enemies"": [], ""neutral_to"": []}",Interpretation at Source: Mars's influence on the 3rd house enhances courage,Mars in the 3rd house increases courage. (Additional Context: This suggests increased assertiveness in communication and short journeys. Mars's fiery energy in the 3rd house might also indicate siblings with strong personalities,0.95,Gemini,Page 1,2025-09-22T00:26:33.135732,
664e4e05b239e860_fact_6,Passed,"Foundational Concepts,career_public_life","Astrological Principles,Prominence & Governance","authority_leadership,general_principle","Key Planets (Grahas): The Sun (Surya - natural significator of authority), Mars (Mangala - command), Saturn (Shani - influence over the masses), and the Moon (Chandra - public perception).","{""type"": ""planet_profile"", ""planet_name"": ""Mars"", ""house"": null, ""aspects_house"": null, ""karaka_for"": [""command""], ""state"": null, ""sign"": null, ""friends"": [], ""enemies"": [], ""neutral_to"": []}","For Foundation Points, Mars (Mangala) is a key planet signifying command",Mars signifies command in Foundation Points. (Additional Context: Mars's association with command suggests a strong assertive energy influencing the foundational aspects of a chart. This might indicate a forceful personality or a tendency towards taking charge in matters related to the house where this Foundation Point falls,0.95,Gemini,Page 1,2025-09-22T00:26:33.135588,
4c0f87ec937c62b7_fact_10,Passed,career_public_life,Prominence & Governance,"authority_leadership,military_defense_security","The strength of Mars provides the executive ability and courage needed for military, defense, or management roles, especially when influencing the 3rd (courage) or 10th house.","{""type"": ""planet_profile"", ""planet_name"": ""Mars"", ""house"": null, ""aspects_house"": null, ""karaka_for"": [""military_defense_security""], ""state"": ""strength"", ""sign"": null, ""friends"": [], ""enemies"": [], ""neutral_to"": []}",Interpretation at Source: Mars's strength is needed for military roles,"Mars's strength is needed for military roles. (Additional Context: This suggests Mars's energy is vital for success in military or leadership positions. A strong Mars might indicate ambition, courage, and effectiveness in competitive fields",0.95,Gemini,Page 1,2025-09-22T00:26:33.135732,
4c0f87ec937c62b7_fact_9,Passed,"core_self_vitality,health_risks_longevity","Identity & Personality,Physical Health","confidence_charisma,vitality_energy_levels","The strength of Mars provides the executive ability and courage needed for military, defense, or management roles, especially when influencing the 3rd (courage) or 10th house.","{""type"": ""planet_profile"", ""planet_name"": ""Mars"", ""house"": null, ""aspects_house"": null, ""karaka_for"": [], ""state"": ""strength"", ""sign"": null, ""friends"": [], ""enemies"": [], ""neutral_to"": []}",Interpretation at Source: Mars's strength provides courage,"Mars's strength provides courage. (Additional Context: This suggests a strong sense of self and assertive action in matters ruled by the house Mars occupies. Mars's inherent energy is amplified, potentially leading to bold decisions and increased drive",0.95,Gemini,Page 1,2025-09-22T00:26:33.135732,
4c0f87ec937c62b7_fact_8,Passed,"career_public_life,core_self_vitality,health_risks_longevity","Identity & Personality,Physical Health,Profession & Field,Prominence & Governance","authority_leadership,confidence_charisma,military_defense_security,other_profession_type,vitality_energy_levels","The strength of Mars provides the executive ability and courage needed for military,defense,especially when influencing the 3rd (courage) or 10th house.,or management roles","{""type"": ""planet_profile"", ""planet_name"": ""Mars"", ""house"": null, ""aspects_house"": null, ""karaka_for"": [], ""state"": ""strong"", ""sign"": null, ""friends"": [], ""enemies"": [], ""neutral_to"": []}","A strong Mars bestows significant executive ability, empowering individuals with the drive and assertiveness needed for leadership and management roles. This strength is equally crucial for defensive capabilities, providing the necessary energy and resolve to protect oneself and one's interests. This potent Martian energy translates into a capacity for decisive action and effective management in various life areas, depending on its placement and aspects within the birth chart","A strong Mars indicates leadership potential, executive ability, and assertive action in defense and management roles",0.95,Gemini,Page 1,2025-09-22T00:26:33.135732,
664e4e05b239e860_fact_8,Passed,"career_public_life,relationships","Prominence & Governance,Public Interaction","public_image_reputation,social_influence_presence","Key Planets (Grahas): The Sun (Surya - natural significator of authority), Mars (Mangala - command), Saturn (Shani - influence over the masses), and the Moon (Chandra - public perception).","{""type"": ""planet_profile"", ""planet_name"": ""Moon"", ""house"": null, ""aspects_house"": null, ""karaka_for"": [""public perception""], ""state"": null, ""sign"": null, ""friends"": [], ""enemies"": [], ""neutral_to"": []}","For Foundation Points, the Moon (Chandra) is a key planet signifying public perception","For Foundation Points, the Moon signifies public perception. (Additional Context: The Moon's role in shaping public perception suggests the house's affairs are significantly influenced by public opinion and the Moon's nature reflects a strong connection to the collective consciousness",0.95,Gemini,Page 1,2025-09-22T00:26:33.135588,
228937c6baabe802_fact_3,Passed,"career_public_life,core_self_vitality,relationships","Identity & Personality,Prominence & Governance,Public Interaction","confidence_charisma,public_image_reputation,social_influence_presence","A bright and well-placed Moon is crucial for a positive public image,ensuring popularity and favor from the public.","{""type"": ""planet_profile"", ""planet_name"": ""Moon"", ""house"": null, ""aspects_house"": null, ""karaka_for"": [], ""state"": ""bright and well-placed"", ""sign"": null, ""friends"": [], ""enemies"": [], ""neutral_to"": []}","A bright and well-placed Moon signifies widespread popularity and favor from the public. This beneficial lunar placement fosters positive social standing and enhances one's charisma, contributing to a strong public image and potentially influencing success in areas requiring public appeal and support","A bright, well-placed Moon bestows popularity, public favor, and positive social standing, enhancing charisma and influence",0.95,Gemini,Page 1,2025-09-22T00:26:33.135761,
228937c6baabe802_fact_1,Passed,"career_public_life,relationships","Prominence & Governance,Public Interaction","public_image_reputation,social_influence_presence","A bright and well-placed Moon is crucial for a positive public image, ensuring popularity and favor from the public.","{""type"": ""planet_profile"", ""planet_name"": ""Moon"", ""house"": null, ""aspects_house"": null, ""karaka_for"": [], ""state"": ""bright"", ""sign"": null, ""friends"": [], ""enemies"": [], ""neutral_to"": []}","For Interpretation at Source, a bright Moon contributes to a positive public image","A bright Moon creates a positive public image. (Additional Context: This suggests the native enjoys popularity and a favorable public perception, possibly due to their charm or social skills. The Moon's brightness amplifies this effect",0.95,Gemini,Page 1,2025-09-22T00:26:33.135761,
228937c6baabe802_fact_2,Passed,"career_public_life,relationships","Prominence & Governance,Public Interaction","public_image_reputation,social_influence_presence","A bright and well-placed Moon is crucial for a positive public image, ensuring popularity and favor from the public.","{""type"": ""planet_profile"", ""planet_name"": ""Moon"", ""house"": null, ""aspects_house"": null, ""karaka_for"": [], ""state"": ""well-placed"", ""sign"": null, ""friends"": [], ""enemies"": [], ""neutral_to"": []}","For Interpretation at Source, a well-placed Moon contributes to a positive public image","A well-placed Moon enhances a positive public image. (Additional Context: This suggests the native enjoys popularity and a favorable public perception, possibly due to their charm or social skills. The Moon's placement might also indicate the areas of life where this positive image is most prominent",0.95,Gemini,Page 1,2025-09-22T00:26:33.135761,
06b0bfb13db3cee8_fact_6,Passed,"career_public_life,doshas,relationships","Malefic Influences,Prominence & Governance,Public Interaction","other_malefic_influences,public_image_reputation,social_influence_presence","Malefic influences on the 10th house or the Moon can create a controversial or hard-won reputation.,Your public image and ability to influence others are further shaped by the condition of the Moon and your 11th house,which governs your professional network.","{""type"": ""planet_profile"", ""planet_name"": ""Moon"", ""house"": null, ""aspects_house"": null, ""karaka_for"": [], ""state"": null, ""sign"": null, ""friends"": [], ""enemies"": [], ""neutral_to"": []}","The Moon significantly influences public perception and the ability to influence others. When afflicted by malefic influences, the Moon can create reputational challenges, leading to a public image that is either controversial, marked by conflict and misunderstanding, or hard-won, achieved only through significant struggle and obstacles. This suggests that the native's emotional nature and how they are perceived by others are negatively impacted, making it difficult to manage their reputation or effectively sway public opinion","A malefic Moon impacts public image and influence, creating a reputation that is either controversial or hard-won due to emotional challenges",0.95,Gemini,Page 1,2025-09-22T00:26:33.135775,
664e4e05b239e860_fact_7,Passed,"career_public_life,relationships","Prominence & Governance,Public Interaction","authority_leadership,social_influence_presence","Key Planets (Grahas): The Sun (Surya - natural significator of authority), Mars (Mangala - command), Saturn (Shani - influence over the masses), and the Moon (Chandra - public perception).","{""type"": ""planet_profile"", ""planet_name"": ""Saturn"", ""house"": null, ""aspects_house"": null, ""karaka_for"": [""masses""], ""state"": null, ""sign"": null, ""friends"": [], ""enemies"": [], ""neutral_to"": []}","For Foundation Points, Saturn (Shani) is a key planet signifying influence over the masses",Saturn significantly influences the masses in Foundation Points. (Additional Context: Saturn's influence over the masses suggests a strong karmic connection to societal structures and responsibilities. Its placement in a chart might indicate a powerful role in public life or a heavy burden of societal expectations,0.95,Gemini,Page 1,2025-09-22T00:26:33.135588,
27d6cd65132072aa_fact_1,Passed,"career_public_life,doshas,relationships,yogas","Malefic Influences,Prominence & Governance,Public Interaction,Strength & Success Yogas","authority_leadership,other_strength_success_yogas,politics_public_service,saturn_affliction,social_influence_presence","Saturn,can bestow immense influence over the masses and success in democratic politics.,when strong","{""type"": ""planet_profile"", ""planet_name"": ""Saturn"", ""house"": null, ""aspects_house"": null, ""karaka_for"": [], ""state"": ""strong"", ""sign"": null, ""friends"": [], ""enemies"": [], ""neutral_to"": []}","A strong Saturn indicates a powerful influence over large groups of people, granting the native the potential for significant societal impact. This strength often translates to success in democratic politics, suggesting an aptitude for leadership roles and public service. This influence may manifest as authority, responsibility, and a disciplined approach to governance, potentially carrying the weight of karmic duties or societal restrictions","Strong Saturn signifies influence over the masses and success in democratic politics, suggesting authority, responsibility, and potential karmic influence",0.95,Gemini,Page 1,2025-09-22T00:26:33.135747,
664e4e05b239e860_fact_5,Passed,"Foundational Concepts,career_public_life","Astrological Principles,Prominence & Governance","authority_leadership,definition,general_principle","Key Planets (Grahas): The Sun (Surya - natural significator of authority), Mars (Mangala - command), Saturn (Shani - influence over the masses), and the Moon (Chandra - public perception).","{""type"": ""planet_profile"", ""planet_name"": ""Sun"", ""house"": null, ""aspects_house"": null, ""karaka_for"": [""authority""], ""state"": null, ""sign"": null, ""friends"": [], ""enemies"": [], ""neutral_to"": []}","For Foundation Points, the Sun (Surya) is a key planet and the natural significator of authority",The Sun is a key planet for Foundation Points and signifies authority. (Additional Context: The Sun's role as a significator of authority in Foundation Points suggests a strong emphasis on leadership and self-expression in the individual's foundational life areas. Its placement and aspects will significantly impact the individual's ability to assert themselves and take charge,0.95,Gemini,Page 1,2025-09-22T00:26:33.135588,
b9ab365b1985c92b_fact_6,Passed,career_public_life,Prominence & Governance,public_image_reputation,"Your potential to achieve prominence, authority, and a respected public reputation is determined by the combined strength of your Ascendant, your 10th house, and key planets like the Sun.","{""type"": ""planet_profile"", ""planet_name"": ""Sun"", ""house"": null, ""aspects_house"": null, ""karaka_for"": [""public_image_reputation""], ""state"": null, ""sign"": null, ""friends"": [], ""enemies"": [], ""neutral_to"": []}",The Summary: Your potential for a respected public reputation is determined by key planets like the Sun,"Public reputation depends on key planets like the Sun. (Additional Context: The Sun's placement and aspects significantly impact one's public image and standing. A strong Sun suggests potential for recognition and respect, while a weak Sun might indicate challenges in achieving public acclaim",0.95,Gemini,Page 1,2025-09-22T00:26:33.135835,
3c336377ecdb25a2_fact_1,Passed,career_public_life,Prominence & Governance,authority_leadership,The Sun acts as the universal indicator of leadership.,"{""type"": ""planet_profile"", ""planet_name"": ""Sun"", ""house"": null, ""aspects_house"": null, ""karaka_for"": [], ""state"": null, ""sign"": null, ""friends"": [], ""enemies"": [], ""neutral_to"": []}","In the interpretation at source, the Sun indicates leadership",The Sun signifies leadership in the source interpretation. (Additional Context: This suggests the native may exhibit strong leadership qualities and a dominant personality. The house placement of the Sun will further clarify the area of life where this leadership manifests,0.95,Gemini,Page 1,2025-09-22T00:26:33.135702,
06b0bfb13db3cee8_fact_5,Passed,"career_public_life,doshas","Malefic Influences,Prominence & Governance","other_malefic_influences,public_image_reputation",Malefic influences on the 10th house or the Moon can create a controversial or hard-won reputation.,"{""type"": ""planet_profile"", ""planet_name"": null, ""house"": 10, ""aspects_house"": null, ""karaka_for"": [], ""state"": ""malefic"", ""sign"": null, ""friends"": [], ""enemies"": [], ""neutral_to"": []}","A malefic influence in the 10th house suggests that reputation and public standing will be a significant area of focus, often requiring considerable effort and potentially involving controversy. This could manifest as a hard-won reputation earned through perseverance and overcoming obstacles, or a reputation marred by controversy and negative perceptions, demanding careful management of public image and professional life. The specific nature of the malefic influence will determine the precise challenges and outcomes","Malefic 10th house influences indicate a challenging path to reputation, potentially involving hard work, controversy, and careful image management",0.95,Gemini,Page 1,2025-09-22T00:26:33.135775,
b9ab365b1985c92b_fact_5,Passed,career_public_life,Prominence & Governance,authority_leadership,"Your potential to achieve prominence, authority, and a respected public reputation is determined by the combined strength of your Ascendant, your 10th house, and key planets like the Sun.","{""type"": ""planet_profile"", ""planet_name"": null, ""house"": 10, ""aspects_house"": null, ""karaka_for"": [], ""state"": null, ""sign"": null, ""friends"": [], ""enemies"": [], ""neutral_to"": []}",The Summary: Your potential for authority is determined by your 10th house,"10th house determines potential for authority. (Additional Context: A strong 10th house suggests a powerful career and public image, while a weak one may indicate challenges in achieving professional recognition and authority",0.95,Gemini,Page 1,2025-09-22T00:26:33.135835,
70ebc35920bed9d1_fact_8,Staged,"career_public_life,relationships","Prominence & Governance,Public Interaction,Social & Family Relations","friendships_social_circle,networking_influence,partnerships_collaborations","Your public image and ability to influence others are further shaped by the condition of the Moon and your 11th house, which governs your professional network.","{""type"": ""planet_profile"", ""planet_name"": null, ""house"": 11, ""aspects_house"": null, ""karaka_for"": [""friendships_social_circle"", ""partnerships_collaborations"", ""networking_influence""], ""state"": null, ""sign"": null, ""friends"": [], ""enemies"": []}",The summary states that the 11th house governs one's professional network.,"The 11th house governs one's professional network. (Additional Context: The 11th house's association with professional networks suggests its condition significantly impacts career success, collaborations, and social standing.)",0.95,Gemini,Page 1,2025-09-22T00:26:33.135863,"SCHEMA_ERROR (AI_FIX_FAILED): {'type': 'planet_profile', 'planet_name': None, 'house': 11, 'aspects_house': None, 'karaka_for': ['friendships_social_circle', 'partnerships_collaborations', 'networking_influence'], 'state': '', 'sign': None, 'friends': [], 'enemies': []} is not valid under any of the given schemas (path: [])"
70ebc35920bed9d1_fact_9,Passed,"career_public_life,relationships","Prominence & Governance,Public Interaction","partnerships_collaborations,public_image_reputation,social_influence_presence","Your public image and ability to influence others are further shaped by the condition of the Moon and your 11th house,which governs your professional network.","{""type"": ""planet_profile"", ""planet_name"": null, ""house"": 11, ""aspects_house"": null, ""karaka_for"": [], ""state"": null, ""sign"": null, ""friends"": [], ""enemies"": [], ""neutral_to"": []}","The 11th house plays a significant role in shaping an individual's public image and their capacity to influence others. Its condition reflects how one is perceived by the wider community and their ability to effectively network, persuade, and achieve goals through collaboration and social connections","The 11th house governs public image, social influence, networking abilities, and the success of partnerships",0.95,Gemini,Page 1,2025-09-22T00:26:33.135863,
08103fe3a40511cc_fact_2,Passed,"career_public_life,core_self_vitality","Identity & Personality,Prominence & Governance,Purpose & Direction","authority_leadership,life_path_purpose,self_identity_character","The Atmakaraka (AK): The planet at the highest degree, signifying the soul's desire for authority or recognition.","{""type"": ""planet_profile"", ""planet_name"": null, ""house"": null, ""aspects_house"": null, ""karaka_for"": [""authority""], ""state"": null, ""sign"": null, ""friends"": [], ""enemies"": [], ""neutral_to"": []}","For Foundation Points, the Atmakaraka signifies the soul's desire for authority","The Atmakaraka reflects the soul's desire for authority in Foundation Points. (Additional Context: This suggests a strong drive for power and control in the native's life, potentially influencing their career and relationships. The specific house placement of the Atmakaraka would further clarify the area of life where this desire manifests",0.95,Gemini,Page 1,2025-09-22T00:26:33.135634,
08103fe3a40511cc_fact_3,Passed,core_self_vitality,"Identity & Personality,Purpose & Direction","life_path_purpose,self_identity_character,spiritual_self_alignment","The Atmakaraka (AK): The planet at the highest degree, signifying the soul's desire for authority or recognition.","{""type"": ""planet_profile"", ""planet_name"": null, ""house"": null, ""aspects_house"": null, ""karaka_for"": [""soul's desire""], ""state"": null, ""sign"": null, ""friends"": [], ""enemies"": [], ""neutral_to"": []}","For Foundation Points, the Atmakaraka signifies the soul's desire for recognition",The Atmakaraka reflects the soul's desire for recognition in Foundation Points. (Additional Context: This suggests a strong need for external validation and a potential focus on achieving recognition in areas signified by the house placement of the Atmakaraka,0.95,Gemini,Page 1,2025-09-22T00:26:33.135634,
08103fe3a40511cc_fact_1,Passed,"Foundational Concepts,career_public_life,core_self_vitality","Astrological Principles,Identity & Personality,Prominence & Governance","authority_leadership,definition,general_principle,public_image_reputation,self_identity_character","The Atmakaraka (AK): The planet at the highest degree,Your potential to achieve prominence,and a respected public reputation is determined by the combined strength of your Ascendant,and key planets like the Sun.,authority,signifying the soul's desire for authority or recognition.,your 10th house","{""type"": ""planet_profile"", ""planet_name"": null, ""house"": null, ""aspects_house"": null, ""karaka_for"": [], ""state"": null, ""sign"": null, ""friends"": [], ""enemies"": [], ""neutral_to"": []}","The Atmakaraka (AK), identified as the planet positioned at the highest degree within the Foundation Points, holds significant sway over an individual's core identity and life purpose. While the Atmakaraka reveals the soul's primary drive, it's important to note that the Ascendant, or rising sign, determines one's potential for prominence and outward presentation to the world, influencing their perceived success and leadership qualities","The Atmakaraka, the highest degree planet in Foundation Points, defines life purpose, while the Ascendant determines potential for prominence",0.95,Gemini,Page 1,2025-09-22T00:26:33.135634,
4f90fd4f38d72c1f_fact_3,Passed,career_public_life,Prominence & Governance,"authority_leadership,public_image_reputation","This area assesses the potential to achieve authority, influence, a strong public reputation, and leadership roles.","{""type"": ""unstructured"", ""text"": ""1. Prominence & Governance assesses the potential to achieve a strong public reputation.""}",1. Prominence & Governance assesses the potential to achieve a strong public reputation,"Prominence & Governance assesses potential for strong public reputation. (Additional Context: This suggests the house's affairs and the planet involved will significantly impact public perception and leadership capabilities. A strong placement might indicate success in public life, while a weak placement could hinder reputation and authority",0.95,Gemini,Page 1,2025-09-22T00:26:33.135498,
4f90fd4f38d72c1f_fact_1,Passed,career_public_life,Prominence & Governance,authority_leadership,"This area assesses the potential to achieve authority, influence, a strong public reputation, and leadership roles.","{""type"": ""unstructured"", ""text"": ""1. Prominence & Governance assesses the potential to achieve authority.""}",1. Prominence & Governance assesses the potential to achieve authority,Prominence & Governance assesses potential for achieving authority. (Additional Context: This suggests a strong focus on leadership roles and public image in the relevant house or area of life signified by the planet's placement,0.95,Gemini,Page 1,2025-09-22T00:26:33.135498,
4f90fd4f38d72c1f_fact_2,Passed,career_public_life,Prominence & Governance,"authority_leadership,networking_influence,public_image_reputation","This area assesses the potential to achieve authority, influence, a strong public reputation, and leadership roles.","{""type"": ""unstructured"", ""text"": ""1. Prominence & Governance assesses the potential to achieve influence.""}",1. Prominence & Governance assesses the potential to achieve influence,Prominence & Governance assesses potential for influence. (Additional Context: This suggests the house's affairs related to prominence and public image will be significantly impacted by the individual's ability to exert influence and build networks. The planet's nature will likely be connected to leadership qualities and public standing,0.95,Gemini,Page 1,2025-09-22T00:26:33.135498,
4f90fd4f38d72c1f_fact_4,Passed,career_public_life,Prominence & Governance,"authority_leadership,politics_public_service","This area assesses the potential to achieve authority, influence, a strong public reputation, and leadership roles.","{""type"": ""unstructured"", ""text"": ""1. Prominence & Governance assesses the potential to achieve leadership roles.""}",1. Prominence & Governance assesses the potential to achieve leadership roles,"Prominence & Governance assesses leadership potential. (Additional Context: This suggests a strong potential for success in leadership roles and public life, depending on other chart factors. The house placement of this assessment will indicate the area of life where this leadership will manifest",0.95,Gemini,Page 1,2025-09-22T00:26:33.135498,
ee79aa2f3edf1253_fact_1,Passed,career_public_life,Prominence & Governance,"authority_leadership,networking_influence,politics_public_service,public_image_reputation",It is the measure of one's rise in the public sphere.,"{""type"": ""unstructured"", ""text"": ""1. Prominence & Governance is a measure of one's rise in the public sphere.""}",1. Prominence & Governance is a measure of one's rise in the public sphere,"Prominence & Governance measures public sphere rise. (Additional Context: This suggests a strong focus on career and public image. Planets associated with the 10th house (career) and 11th house (gains, public) will be significant in determining the level of prominence achieved",0.95,Gemini,Page 1,2025-09-22T00:26:33.135548,
5a7ca6119d5bada3_fact_2,Passed,career_public_life,Prominence & Governance,"authority_leadership,other_prominence_governance,public_image_reputation",The potential for prominence is not a single factor but a confluence.,"{""type"": ""unstructured"", ""text"": ""Interpretation at source indicates that the potential for prominence is a confluence of factors.""}",Interpretation at source indicates that the potential for prominence is a confluence of factors,"Prominence potential stems from multiple contributing factors. (Additional Context: This suggests a strong potential for achieving recognition and influence in public life, possibly through a combination of skills and opportunities",0.95,Gemini,Page 1,2025-09-22T00:26:33.135653,
5a7ca6119d5bada3_fact_1,Passed,"Foundational Concepts,career_public_life","Astrological Principles,Prominence & Governance","general_principle,other_prominence_governance",The potential for prominence is not a single factor but a confluence.,"{""type"": ""unstructured"", ""text"": ""Interpretation at source indicates that the potential for prominence is not a single factor.""}",Interpretation at source indicates that the potential for prominence is not a single factor,"Prominence potential isn't solely determined by a single factor. (Additional Context: This suggests a complex interplay of astrological factors contributes to achieving prominence, rather than a single decisive element. The house of career and planets associated with ambition and public image should be carefully analyzed for a complete picture",0.95,Gemini,Page 1,2025-09-22T00:26:33.135653,
a7666316e27aa3f9_fact_1,Passed,"career_public_life,yogas","Prominence & Governance,Strength & Success Yogas","authority_leadership,raja_yogas",Powerful planetary combinations known as 'Raja Yogas' are the most significant indicators of a rise to leadership.,"{""type"": ""unstructured"", ""text"": ""Raja Yogas are significant indicators for a rise to leadership.""}",Powerful planetary combinations known as Raja Yogas are significant indicators for a rise to leadership in the summary,"Raja Yogas strongly indicate a rise to leadership. (Additional Context: The presence of Raja Yogas suggests a strong potential for achieving positions of power and influence, potentially indicating a successful and impactful career trajectory",0.95,Gemini,Page 1,2025-09-22T00:26:33.135849,
2df88c1ad926fe37_fact_1,Passed,"Foundational Concepts,career_public_life,relationships,yogas","Astrological Principles,Prominence & Governance,Public Interaction,Strength & Success Yogas","authority_leadership,general_principle,networking_influence,raja_yogas,social_influence_presence","The presence of one or more strong Raja Yogas elevates the chart from ordinary to extraordinary,promising positions of significant power and influence.","{""type"": ""varga"", ""varga"": null, ""varga_name"": null, ""domain"": [], ""planet_name"": null, ""sign"": null}","The presence of strong Raja Yogas significantly elevates a birth chart, signifying substantial potential for power and influence. These powerful planetary combinations promise a life trajectory marked by success, prosperity, and the ability to exert considerable impact on one's surroundings. While the specific manifestations of this influence depend on other factors within the chart, the overall indication is one of enhanced life quality and the potential for leadership or public prominence","Strong Raja Yogas indicate significant potential for success, power, influence, and a positive life trajectory, often in leadership roles",0.95,Gemini,Page 1,2025-09-22T00:26:33.135807,
1ceb166479d0c9f2_fact_3,Passed,"career_public_life,yogas","Prominence & Governance,Strength & Success Yogas","authority_leadership,gajakesari_yoga,other_strength_success_yogas,public_image_reputation","Special Combinations (Yogas): Raja Yogas (combinations for power), Pancha Mahapurusha Yogas (combinations for greatness), and Gajakesari Yoga (combination for fame).","{""type"": ""yoga"", ""name"": ""gajakesari yoga"", ""components"": [""fame""]}","For Foundation Points, Gajakesari Yoga is a combination for fame","Gajakesari Yoga in Foundation Points is a combination for fame. (Additional Context: This suggests a strong potential for public recognition and leadership roles, possibly indicating success and influence in the areas governed by the house where this yoga is formed",0.95,Gemini,Page 1,2025-09-22T00:26:33.135620,
1ceb166479d0c9f2_fact_2,Passed,"Foundational Concepts,yogas","Astrological Principles,Strength & Success Yogas","general_principle,other_strength_success_yogas,pancha_mahapurusha_yogas","Special Combinations (Yogas): Raja Yogas (combinations for power), Pancha Mahapurusha Yogas (combinations for greatness), and Gajakesari Yoga (combination for fame).","{""type"": ""yoga"", ""name"": ""yoga"", ""components"": [""pancha_mahapurusha_yogas""]}","For Foundation Points, Pancha Mahapurusha Yogas are combinations for greatness",Pancha Mahapurusha Yogas are combinations indicating greatness in Foundation Points. (Additional Context: The presence of Pancha Mahapurusha Yogas suggests significant potential for success and achievement in areas related to the Foundation Points of the chart. This could indicate a strong foundation for life's endeavors and a predisposition towards greatness,0.95,Gemini,Page 1,2025-09-22T00:26:33.135620,
1ceb166479d0c9f2_fact_1,Passed,yogas,Strength & Success Yogas,raja_yogas,"Special Combinations (Yogas): Raja Yogas (combinations for power), Pancha Mahapurusha Yogas (combinations for greatness), and Gajakesari Yoga (combination for fame).","{""type"": ""yoga"", ""name"": ""yoga"", ""components"": [""raja_yogas""]}","For Foundation Points, Raja Yogas are combinations for power",Raja Yogas are power combinations for Foundation Points. (Additional Context: This suggests strong potential for power and success in areas signified by the Foundation Points. The nature of this power depends on the specific planets and houses involved in the Raja Yoga,0.95,Gemini,Page 1,2025-09-22T00:26:33.135620,
