Fact ID,Topic,Raw Text,AI Summary,JSON,Theme,Group,Sub-Theme,Source,Page,Status,Last Updated,Notes
8ab6c4b744b697a205b1ba6bbf91540b4239085d3136f4ded2e9506299351a03,,"A) Activation: During [MD], activate houses the MD lord owns/occupies/aspects; include karaka domains","During the Mahadasha period, activate the houses owned, occupied, or aspected by the Mahadasha lord. Also consider the domains ruled by the Mahadasha lord as a karaka. (Additional Context: The activation of houses during a Mahadasha period suggests that the themes related to those houses will be prominent in a person's life during that time. The Mahadasha lord's karaka domains add another layer of interpretation, indicating specific areas of life that will be influenced by the planet's energy","{""type"": ""aspect"", ""source_planet"": null, ""target_house"": null, ""relative_aspect_number"": null, ""planet_nature"": null, ""source_sign"": null, ""target_sign"": null, ""strength"": null}",timing_windows,Dashas & Sub-Dashas,vimshottari_dasha,BPHS_GCS,p77-78,Passed,2025-09-23T10:42:33.461989,
76f417bff64d507598ef05e78fa20b87edd49f744afc1e8f2272f6b446fb341e,,"A) Activation: During [MD], activate houses the MD lord owns/occupies/aspects; include karaka domains","Activate the houses owned, occupied, or aspected by the Mahadasha lord during its period. Also, consider the domains ruled by the karaka","{""type"": ""karaka"", ""karaka_type"": ""MD"", ""planet_name"": null, ""signification"": ""houses the MD lord owns/occupies/aspects; include karaka domains""}",timing_windows,Dashas & Sub-Dashas,vimshottari_dasha,BPHS_GCS,p77-78,Passed,2025-09-23T10:42:33.461989,
80d61490df0236c5af2b839983001a5cdeddc43e88c84946b84c81e0664167f0,,"A) Activation: During [MD], activate houses the MD lord owns/occupies/aspects; include karaka domains","During a Mahadasha (MD) period, the astrological houses ruled, occupied, or aspected by the planet that governs the MD, as well as the domains associated with its karaka (significator) status, become activated. (Additional Context: The activation of houses during a Mahadasha suggests heightened influence and potential for events related to those areas of life. The specific effects depend on the nature of the MD lord and its placement in the birth chart. Favorable placements can bring opportunities and growth, while challenging placements may present obstacles or require adjustments","{""type"": ""lordship"", ""lord_of_house"": null, ""placed_in_house"": null, ""planet_name"": null}",timing_windows,Dashas & Sub-Dashas,vimshottari_dasha,BPHS_GCS,p77-78,Passed,2025-09-23T10:42:33.461989,
eab52ec539b804a55b830d7a3c5ce124e4cd622666f54919db3ebd4025ed34a6,,"A) Activation: During [MD], activate houses the MD lord owns/occupies/aspects; include karaka domains","During the Mahadasha period, activate the houses ruled, occupied, or aspected by the Mahadasha lord. Also activate the domains governed by the karakas. (Additional Context: The activation of houses during a Mahadasha period suggests that the energies of the ruling planet become more prominent, influencing the areas of life associated with those houses. The inclusion of karaka domains implies that the significations of the planets acting as karakas will also be emphasized during this time","{""type"": ""house_profile"", ""house"": null, ""planet_in_house"": null, ""aspected_by_planet"": null, ""state"": ""activate"", ""classifications"": [], ""karakas"": [], ""significations"": [""ownership"", ""occupation"", ""aspect"", ""karaka_domains""]}",timing_windows,Dashas & Sub-Dashas,vimshottari_dasha,BPHS_GCS,p77-78,Passed,2025-09-23T10:42:33.461989,
f464b0360d2391c7c7a1f75d36e62cba400d1ed9fd914fdc573c799228cc74b5,,"A) Activation: During [MD], activate houses the MD lord owns/occupies/aspects; include karaka domains","Activate the houses owned, occupied, or aspected by the Mahadasha lord during the Mahadasha period. Also, consider the karaka domains ruled by the Mahadasha lord","{""type"": ""dasha"", ""system"": null, ""mahadasha_lord"": null, ""duration_years"": null, ""antardasha_lord"": null, ""pratyantardasha_lord"": null, ""condition"": ""(A) Activation: During [MD], activate houses the MD lord owns/occupies/aspects; include karaka domains.""}",timing_windows,Dashas & Sub-Dashas,vimshottari_dasha,BPHS_GCS,p77-78,Passed,2025-09-23T10:42:33.461989,
e0074729e305d0b43f8322354eb0523d4e9ed0aa247f6b8ee70f07f9d35b045a,,"C) Nodes: If MD/AD is Rahu/Ketu, route delivery via sign lord, conjunctions, and aspects","In cases where the Lunar Nodes (Rahu and Ketu) are the significators (MD/AD), the astrological interpretation should be derived from the ruler of the sign they occupy, along with any planetary conjunctions and aspects they receive. (Additional Context: This technique suggests that Rahu and Ketu, being shadow planets, borrow the characteristics of the planets they associate with. The sign lord, conjunctions, and aspects modify their impact, offering a nuanced interpretation","{""type"": ""planet_profile"", ""planet_name"": ""Rahu/Ketu"", ""house"": null, ""aspects_house"": null, ""karaka_for"": [], ""state"": null, ""sign"": null, ""friends"": [], ""enemies"": [], ""neutral_to"": []}","Foundational Concepts,timing_windows","Astrological Principles,Dashas & Sub-Dashas","general_principle,vimshottari_dasha",BPHS_GCS,p77-78,Passed,2025-09-23T10:42:33.461989,
cc0c29b82e5658b7a373001226fa9dd60dbd59632fdd28bf0b1e191440cab873,,"C) Nodes: If MD/AD is Rahu/Ketu, route delivery via sign lord, conjunctions, and aspects","When the lunar nodes (Rahu or Ketu) are involved as the source of an aspect, the energy is routed through the ruler of the sign they occupy, along with any planets conjunct or aspecting them. (Additional Context: This technique suggests that Rahu and Ketu, being shadowy planets, operate through other planetary energies. Their influence is thus modified by the planets they associate with, taking on the qualities of the sign lord, conjunct planets, or planets aspecting them. This can lead to complex interpretations, requiring careful analysis of the involved planets and signs","{""type"": ""aspect"", ""source_planet"": ""Rahu/Ketu"", ""target_house"": null, ""relative_aspect_number"": null, ""planet_nature"": null, ""source_sign"": null, ""target_sign"": null, ""strength"": null}",Foundational Concepts,Astrological Principles,"classification,general_principle",BPHS_GCS,p77-78,Passed,2025-09-23T10:42:33.461989,
ca39d794db5e31a0162fe8c3ef103bcea2d729060eb7b9819900ed843e37824f,,"C) Nodes: If MD/AD is Rahu/Ketu, route delivery via sign lord, conjunctions, and aspects","In cases where the lunar nodes (Rahu and Ketu) are the lords of houses associated with a delivery or outcome (signifying the means or avenue of delivery), the actual delivery mechanism should be interpreted through the ruler of the sign where the nodes are placed, along with any planetary conjunctions or aspects influencing them. (Additional Context: This suggests that Rahu and Ketu, being shadowy planets, don't have a direct means of delivering results themselves. They operate through the energies of the planets they associate with, particularly the lord of the sign they occupy. The sign placement, conjunctions, and aspects to the nodes reveal the specific nature of the outcome","{""type"": ""lordship"", ""lord_of_house"": null, ""placed_in_house"": null, ""planet_name"": ""Rahu/Ketu""}",Foundational Concepts,Astrological Principles,general_principle,BPHS_GCS,p77-78,Passed,2025-09-23T10:42:33.461989,
ca1b0187027c71996d0ee44debe18885f398262201bb20e339874b138ef7f96a,,"C) Nodes: If MD/AD is Rahu/Ketu, route delivery via sign lord, conjunctions, and aspects","In situations where the lunar nodes (Rahu and Ketu) are involved, results should be interpreted through their sign lords, conjunctions, and planetary aspects they receive. (Additional Context: Rahu and Ketu are shadowy planets, or nodes, that hold karmic significance. Rahu, the north node, represents desires and ambitions, while Ketu, the south node, signifies past experiences and detachment. Their placement in a birth chart can indicate areas of focus and growth in this lifetime","{""type"": ""sign_trait"", ""sign"": null, ""element"": null, ""planet_name"": ""Rahu/Ketu"", ""house"": null, ""modality"": null, ""ruler"": null}","Foundational Concepts,doshas,karma_past_life","Astrological Principles,Malefic Influences,Past Life Patterns","karmic_debts_lessons,rahu_ketu_affliction",BPHS_GCS,p77-78,Passed,2025-09-23T10:42:33.461989,
800a7ad1547ffbff4c9141e72ed2111d51edf796cc5938a9343434781c09b1a1,,"C) Nodes: If MD/AD is Rahu/Ketu, route delivery via sign lord, conjunctions, and aspects","In the case of a Rahu/Ketu Mahadasha or Antardasha period, astrological interpretations should consider the sign lord, planetary conjunctions, and aspects related to Rahu and Ketu. (Additional Context: Rahu and Ketu are shadowy planets in Vedic astrology, representing karmic influences and desires. Rahu signifies worldly ambitions and Ketu signifies spiritual detachment. Their influence during these periods can bring about sudden changes and transformations, often related to past life karmas","{""type"": ""dasha"", ""system"": null, ""mahadasha_lord"": ""Rahu/Ketu"", ""duration_years"": null, ""antardasha_lord"": ""Rahu/Ketu"", ""pratyantardasha_lord"": null, ""condition"": ""If MD/AD is Rahu/Ketu, route delivery via sign lord, conjunctions, and aspects""}","doshas,karma_past_life,timing_windows","Dashas & Sub-Dashas,Malefic Influences,Past Life Patterns","karmic_debts_lessons,rahu_ketu_affliction,vimshottari_dasha",BPHS_GCS,p77-78,Passed,2025-09-23T10:42:33.461989,
6e8f493204aed93e510e03ae93bf391f71ff9840e951fc09bc2ebb487b11e61b,,A weak Moon can cause emotional distress or issues for the mother,"A debilitated Moon can negatively impact emotional well-being and may indicate challenges or difficulties for the mother. (Additional Context: The specific effects of a weak Moon depend on its placement in the birth chart (house and sign), aspects it receives, and other planetary influences. Remedies such as strengthening the Moon through rituals or gemstones may be considered","{""type"": ""planet_profile"", ""planet_name"": ""Moon"", ""house"": null, ""aspects_house"": null, ""karaka_for"": [""mother""], ""state"": ""weak"", ""sign"": null, ""friends"": [], ""enemies"": [], ""neutral_to"": []}","family_lineage,health_risks_longevity,relationships",Social & Family Relations,parental_relations,BPHS_GCS,p77-78,Passed,2025-09-23T10:42:33.461989,
ac4453192c6c51be6a57d23c7fcb3a31bb33c4fae4ed21c483c63369f9b35e14,,"Antardasha Lord Relationship with Sun General Significance & Interpretation Sun - Intensifies the Sun's natal promise. A strong Sun brings promotion and recognition. A weak Sun brings ego clashes, health problems, and disputes with authority. Moon Friend Focus on emotions, mother, and public life. Generally favorable, bringing travel","The Sun's antardasha intensifies its natal promise. A strong Sun indicates promotion and recognition, while a weak Sun may lead to ego clashes, health issues, and disputes with authority figures. The Moon is considered a friend of the Sun. The Moon's influence during the Sun's antardasha brings focus to emotions, the mother, and public life, generally with favorable outcomes such as travel. (Additional Context: The Sun's antardasha period is a time of heightened self-awareness and potential for growth. If the Sun is well-placed, it can bring significant advancements in career and social standing. However, a weakened Sun can create challenges in relationships and overall well-being. The Moon's friendly influence can soften the Sun's intensity and promote emotional balance","{""type"": ""planet_profile"", ""planet_name"": ""Sun"", ""house"": null, ""aspects_house"": null, ""karaka_for"": [], ""state"": null, ""sign"": null, ""friends"": [""Moon""], ""enemies"": [], ""neutral_to"": []}","career_public_life,core_self_vitality,health_risks_longevity,relationships,travel_dharma_spirituality","Career Dynamics,Identity & Personality,Physical Health,Prominence & Governance,Public Interaction,Social & Family Relations,Travel & Journeys","career_mobility_changes,parental_relations,public_image_reputation,self_identity_character,short_travel_local,social_influence_presence,vitality_energy_levels",BPHS_GCS,p77-78,Passed,2025-09-23T10:42:33.461989,
61adfb5945cb55fae1a455962ae954f4e2c9cec73aea19d2f4f53d2a6005dcfb,,"Antardasha Lord Relationship with Sun General Significance & Interpretation Sun - Intensifies the Sun's natal promise. A strong Sun brings promotion and recognition. A weak Sun brings ego clashes, health problems, and disputes with authority. Moon Friend Focus on emotions, mother, and public life. Generally favorable, bringing travel","The Sun's antardasha intensifies the Sun's natal promise. A strong Sun during this period can lead to promotion and recognition, while a weak Sun may bring ego clashes, health problems, and disputes with authority figures. The Moon is considered a friend of the Sun, and its influence during this time focuses on emotions, the mother, and public life. This period is generally favorable and may involve travel","{""type"": ""dasha"", ""system"": null, ""mahadasha_lord"": null, ""duration_years"": null, ""antardasha_lord"": ""Sun"", ""pratyantardasha_lord"": null, ""condition"": null}","career_public_life,family_lineage,health_risks_longevity,relationships,timing_windows,travel_dharma_spirituality","Career Dynamics,Dashas & Sub-Dashas,Parents & Ancestors,Physical Health,Prominence & Governance,Social & Family Relations,Travel & Journeys","career_stability_longevity,general_health,mother_status_influence,parental_relations,public_image_reputation,short_travel_local,vimshottari_dasha",BPHS_GCS,p77-78,Passed,2025-09-23T10:42:33.461989,
1c4ae9604e47f5e6159559bd0e608ac58bf22ec48f963acc5824a789544e4598,,"Antardasha Lord Relationship with Sun General Significance & Interpretation Sun - Intensifies the Sun's natal promise. A strong Sun brings promotion and recognition. A weak Sun brings ego clashes, health problems, and disputes with authority. Moon Friend Focus on emotions, mother, and public life. Generally favorable, bringing travel","The Sun's antardasha intensifies its natal promise. A strong Sun during this period can lead to promotion and recognition, while a weak Sun may result in ego clashes, health issues, and disputes with authority figures. The Moon, a friend of the Sun, focuses on emotions, the mother, and public life. This is generally a favorable period, often involving travel. (Additional Context: The specific effects of the Sun's antardasha will depend on its placement and strength in the individual's birth chart. Favorable transits from benefic planets like Jupiter can enhance the positive effects of a strong Sun, while challenging transits from malefic planets like Saturn can exacerbate the negative effects of a weak Sun. The Moon's influence during this period suggests a heightened focus on emotional matters and relationships with women","{""type"": ""lordship"", ""lord_of_house"": null, ""placed_in_house"": null, ""planet_name"": ""Sun""}","career_public_life,family_lineage,health_risks_longevity,travel_dharma_spirituality","Career Dynamics,Parents & Ancestors,Physical Health,Prominence & Governance,Travel & Journeys","career_mobility_changes,general_health,mother_status_influence,public_image_reputation,short_travel_local",BPHS_GCS,p77-78,Passed,2025-09-23T10:42:33.461989,
b32b7c85552ae43e8eceb1b72460e8ac2eef633537f01ccda9409cd6575d9d23,,D10 (career,"The provided text refers to the D10 chart in Vedic astrology, specifically focusing on career. (Additional Context: The Dasamsa (D10) chart is a divisional chart used to analyze a person's career, professional path, and achievements. It provides insights into the type of work one may excel in, potential career obstacles, and overall success in the professional sphere","{""type"": ""varga"", ""varga"": ""D10"", ""varga_name"": ""Dasamsa"", ""domain"": [""career""], ""planet_name"": null, ""sign"": null}",career_public_life,Other,other,BPHS_GCS,p77-78,Passed,2025-09-23T10:42:33.461989,
9a94e3a20923e4938c96827f6ea41a88fc748a6bed5557a0b101fccad42431ff,,D4,"The provided text refers to the D4 varga. (Additional Context: In Vedic astrology, the D4 chart, also known as the Chaturthamsa, is a divisional chart used to analyze a person's general fortune, happiness, and property. It provides insights into one's fixed assets, such as land and buildings","{""type"": ""varga"", ""varga"": ""D4"", ""varga_name"": null, ""domain"": [], ""planet_name"": null, ""sign"": null}",home_property_vehicles,Residence & Property,"home_comforts,property_acquisition",BPHS_GCS,p77-78,Passed,2025-09-23T10:42:33.461989,
24cddd7c2b8f50f7ebf5a5b8a880edb22fc9262c2671ae36bb7220c9b6948407,,D7,"This refers to the D7 varga chart in Vedic astrology. (Additional Context: The D7 chart is used to analyze progeny and can indicate the potential for children, their well-being, and the overall family life","{""type"": ""varga"", ""varga"": ""D7"", ""varga_name"": null, ""domain"": [], ""planet_name"": null, ""sign"": null}","family_lineage,relationships",Social & Family Relations,children_relations,BPHS_GCS,p77-78,Passed,2025-09-23T10:42:33.461989,
276088d265641a4faf4fbcfc3a2737102ad3b61440744dc6ed67a53201393688,,D9 (relationships/dharma,"The D9 chart pertains to relationships and dharma. (Additional Context: The D9, also known as the Navamsa chart, is a divisional chart used in Vedic astrology to provide deeper insights into marriage, partnerships, and spiritual growth. It reveals the true strength of planets and their impact on these areas of life","{""type"": ""varga"", ""varga"": ""D9"", ""varga_name"": null, ""domain"": [""relationships"", ""dharma""], ""planet_name"": null, ""sign"": null}","relationships,travel_dharma_spirituality",Other,other,BPHS_GCS,p77-78,Passed,2025-09-23T10:42:33.461989,
1390d95ad8b650cdf568af94973db425ed45d4367262785188b9428d40e49bcc,,"Divisional Confirmers: D9 (relationships/dharma), D10 (career), plus domain charts (D7/D4","The divisional charts D9 (Navamsa), related to relationships and dharma, and D10 (Dasamsa), related to career, are important divisional charts. Domain charts D7 (Saptamsa) and D4 (Chaturtamsa) provide further insights. (Additional Context: The D9 chart is a crucial divisional chart in Vedic astrology, offering insights into marriage, partnerships, and spiritual inclinations. The D10 chart reveals one's professional path and achievements. D7 and D4 charts provide specific insights into children and property respectively","{""type"": ""varga"", ""varga"": ""D9"", ""varga_name"": ""Navamsa"", ""domain"": [""relationships"", ""dharma""], ""planet_name"": null, ""sign"": null}","career_public_life,family_lineage,home_property_vehicles,relationships,travel_dharma_spirituality","Career Dynamics,Children & Descendants,Dharma & Spiritual Path,Residence & Property,Romantic & Marriage","career_mobility_changes,career_peak_timing,career_stability_longevity,child_success,childbearing_potential,home_comforts,love_relationships,marriage_spouse,property_acquisition,spiritual_growth,spiritual_learning",BPHS_GCS,p77-78,Passed,2025-09-23T10:42:33.461989,
00fd176ec1e429bc18d68405f85ee7d1e682c01e15cc3115dba64ef23f8cbbf8,,"General Theme: The Sun's Dasha focuses on soul, self, authority, government, father, career, and health (heart, bones, vitality). The outcomes depend entirely on the Sun's natal strength","The Sun's mahadasha (major planetary period) lasts for six years and primarily influences areas related to the soul, self-expression, authority figures, government matters, the father, career, and health, particularly concerning the heart, bones, and overall vitality. The specific results experienced during this period are contingent upon the Sun's inherent strength in the individual's birth chart. (Additional Context: Favorable placement and strength of the Sun can lead to recognition, leadership roles, and career advancement during its mahadasha. Conversely, a weakened Sun may bring challenges related to health, authority figures, or self-esteem","{""type"": ""dasha"", ""system"": null, ""mahadasha_lord"": ""Sun"", ""duration_years"": 6.0, ""antardasha_lord"": null, ""pratyantardasha_lord"": null, ""condition"": ""The outcomes depend entirely on the Sun's natal strength.""}","career_public_life,core_self_vitality,family_lineage,health_risks_longevity,timing_windows","Career Dynamics,Dashas & Sub-Dashas,Identity & Personality,Parents & Ancestors,Physical Health,Prominence & Governance","authority_leadership,career_stability_longevity,father_status_influence,general_health,politics_public_service,self_identity_character,vimshottari_dasha",BPHS_GCS,p77-78,Passed,2025-09-23T10:42:33.461989,
ed78d7bd1dc12379ea242378aa1607a4679bb58ef6010449ec5b7e88c26f4261,,"General Theme: The Sun's Dasha focuses on soul, self, authority, government, father, career, and health (heart, bones, vitality). The outcomes depend entirely on the Sun's natal strength","The Sun's planetary cycle (Dasha) primarily influences areas of life related to the soul, self-identity, authority figures, government matters, the father, career, and overall health, particularly the heart, bones, and vitality. The specific outcomes during this period are heavily contingent on the Sun's inherent strength in the individual's birth chart. (Additional Context: Favorable placement and aspects to the Sun during its Dasha can bring recognition, leadership roles, and improved vitality. However, a weakened Sun may lead to challenges with authority figures, health issues, or career setbacks","{""type"": ""planet_profile"", ""planet_name"": ""Sun"", ""house"": null, ""aspects_house"": null, ""karaka_for"": [""soul"", ""self"", ""authority"", ""government"", ""father"", ""career"", ""health""], ""state"": null, ""sign"": null, ""friends"": [], ""enemies"": [], ""neutral_to"": []}","career_public_life,core_self_vitality,family_lineage,health_risks_longevity,timing_windows","Career Dynamics,Dashas & Sub-Dashas,Identity & Personality,Parents & Ancestors,Physical Health,Prominence & Governance,Purpose & Direction","authority_leadership,career_stability_longevity,father_status_influence,general_health,life_path_purpose,politics_public_service,self_identity_character,vimshottari_dasha,vitality_energy_levels",BPHS_GCS,p77-78,Passed,2025-09-23T10:42:33.461989,
ba5626a451a9d36320380f3940bcbe6f08a7f4b2454a904cbeffc788459c051b,,"If MD/AD is Rahu/Ketu, route delivery via sign lord, conjunctions, and aspects","If the MD (Major Dasha) or AD (Antar Dasha) is Rahu or Ketu, the delivery or manifestation of results should be interpreted through the sign lord where Rahu/Ketu are placed, any planetary conjunctions with them, and the aspects they receive. (Additional Context: Rahu and Ketu are shadowy planets, and their influence can be unpredictable. This text suggests that using the sign lord, conjunctions, and aspects helps to ground and contextualize their otherwise elusive energy. This can provide more specific insights into how Rahu/Ketu's energy will manifest during their respective dashas","{""type"": ""sign_trait"", ""sign"": null, ""element"": null, ""planet_name"": ""Rahu"", ""house"": null, ""modality"": null, ""ruler"": null}","doshas,timing_windows","Dashas & Sub-Dashas,Malefic Influences","other_dashas,rahu_ketu_affliction,vimshottari_dasha",BPHS_GCS,p77-78,Passed,2025-09-23T10:42:33.461989,
b880018ce3ce86694e4ac84a87b32ea8e171369c5ffbfb76ee22d8ec6f956ec6,,"If MD/AD is Rahu/Ketu, route delivery via sign lord, conjunctions, and aspects","In cases where the MD (Maha Dasha) or AD (Antar Dasha) lord is Rahu or Ketu, the delivery of results should be interpreted through the ruler of the sign they occupy, any planets conjunct with them, and any planetary aspects they receive. (Additional Context: Rahu and Ketu are shadow planets, lacking physical form and thus rulership over signs. Their influence is interpreted through association, borrowing qualities from the signs and planets they connect with. This can manifest as sudden events, unexpected turns, or karmic influences","{""type"": ""lordship"", ""lord_of_house"": null, ""placed_in_house"": null, ""planet_name"": null}","doshas,timing_windows","Dashas & Sub-Dashas,Malefic Influences","rahu_ketu_affliction,vimshottari_dasha",BPHS_GCS,p77-78,Passed,2025-09-23T10:42:33.461989,
6bb2d981392f7a61be5937ce7deddba9b072ccd5a3b2ab410cf4468094901462,,"If MD/AD is Rahu/Ketu, route delivery via sign lord, conjunctions, and aspects","In situations where the Mahadasha lord is Rahu and the Antardasha lord is Ketu, astrological predictions should be derived from the sign lord, planetary conjunctions, and planetary aspects influencing Rahu and Ketu. (Additional Context: Rahu and Ketu are shadowy planets, and their impact varies greatly depending on their placement and associations. When Rahu is the Mahadasha lord, it can bring sudden changes and unpredictable events. Ketu Antardasha during Rahu Mahadasha can lead to spiritual awakenings or unexpected challenges. The sign lords, conjunctions, and aspects will determine the specific nature of these influences","{""type"": ""dasha"", ""system"": null, ""mahadasha_lord"": ""Rahu"", ""duration_years"": null, ""antardasha_lord"": ""Ketu"", ""pratyantardasha_lord"": null, ""condition"": ""If MD/AD is Rahu/Ketu, route delivery via sign lord, conjunctions, and aspects.""}","doshas,timing_windows","Dashas & Sub-Dashas,Malefic Influences","rahu_ketu_affliction,vimshottari_dasha",BPHS_GCS,p77-78,Passed,2025-09-23T10:42:33.461989,
4d8719d7baab2497de44a210179007d9cfd4682f9f1d1ec516442cb41e5fc18f,,"If MD/AD is Rahu/Ketu, route delivery via sign lord, conjunctions, and aspects","If the MD (Mahadasha) or AD (Antardasha) lord is Rahu or Ketu, the delivery of results should be interpreted through the ruler of the sign they occupy, any planets conjunct with them, and any planets aspecting them. (Additional Context: Rahu and Ketu are shadowy planets, lacking physical form. Their influence is often unpredictable and depends heavily on the signs and houses they occupy, as well as planetary conjunctions and aspects. This can manifest as sudden, unexpected events or changes in life direction","{""type"": ""planet_profile"", ""planet_name"": null, ""house"": null, ""aspects_house"": null, ""karaka_for"": [], ""state"": null, ""sign"": null, ""friends"": [], ""enemies"": [], ""neutral_to"": []}","Foundational Concepts,timing_windows","Astrological Principles,Dashas & Sub-Dashas","general_principle,vimshottari_dasha",BPHS_GCS,p77-78,Passed,2025-09-23T10:42:33.461989,
674a5dcc7d21351ee67219d19186e7c59580e216ff8ebfe6384b38f2df6a0b8f,,"If MD/AD is Rahu/Ketu, route delivery via sign lord, conjunctions, and aspects","When the Muntha or Ascendant degree point (MD/AD) is occupied by Rahu or Ketu, the interpretation of their effects should be derived from the ruler of the sign they occupy, any planets conjunct them, and any planets aspecting them. (Additional Context: Rahu and Ketu are shadowy planets in Vedic astrology, lacking physical form. Their interpretation relies heavily on the influences they receive from other planets and the signs they occupy. This technique suggests that when Rahu or Ketu are prominent by being conjunct the MD/AD, their impact is understood through the lens of associated planetary energies","{""type"": ""aspect"", ""source_planet"": ""Rahu/Ketu"", ""target_house"": null, ""relative_aspect_number"": null, ""planet_nature"": null, ""source_sign"": null, ""target_sign"": null, ""strength"": null}","Foundational Concepts,timing_windows","Astrological Principles,Dashas & Sub-Dashas","general_principle,vimshottari_dasha",BPHS_GCS,p77-78,Passed,2025-09-23T10:42:33.461989,
32309cc2d2c8020ccbeab36754c9f9396300acc3417826540e309134bda37af7,,"Important operational addenda for every MD below: (A) Activation: During [MD], activate houses the MD lord owns/occupies/aspects; include karaka domains. (B) AD Overlay: Prioritize overlaps between MD and AD activation. AD in 6/8/12 from MD → friction; 2/11/5/9 → facilitation. (C) Nodes: If MD/AD is Rahu/Ketu, route delivery via sign lord, conjunctions, and aspects. (D) Divisional Confirmers: D9 (relationships/dharma), D10 (career), plus domain charts (D7/D4). (E) Health Flag: Raise caution if MD/AD rules/occupies 6/8/12, is weak, combust, or heavily afflicted","This text provides operational guidelines for interpreting planetary periods (Mahadasha/Antardasha) in Vedic astrology. It emphasizes activating houses owned, occupied, or aspected by the Mahadasha lord, including their karaka (significator) domains. Antardasha analysis prioritizes overlaps with Mahadasha activations, noting that Antardashas in the 6th, 8th, or 12th houses from the Mahadasha lord indicate friction, while those in the 2nd, 5th, 9th, or 11th houses suggest facilitation. For Rahu/Ketu periods, interpretations should consider the sign lord, conjunctions, and aspects. Divisional charts (D9, D10, D7, D4) are used for confirmation, and caution is advised when the Mahadasha/Antardasha lord rules or occupies the 6th, 8th, or 12th house, is weak, combust, or heavily afflicted","{""type"": ""planet_profile"", ""planet_name"": null, ""house"": null, ""aspects_house"": null, ""karaka_for"": [], ""state"": null, ""sign"": null, ""friends"": [], ""enemies"": [], ""neutral_to"": []}","Foundational Concepts,timing_windows","Astrological Principles,Dashas & Sub-Dashas","general_principle,other_dashas,vimshottari_dasha",BPHS_GCS,p77-78,Passed,2025-09-23T10:42:33.461989,
118cfc882bd63613002072b7f5d40db3f1472e304cb4b582d72419bc8e6cc0a5,,"Important operational addenda for every MD below: (A) Activation: During [MD], activate houses the MD lord owns/occupies/aspects; include karaka domains. (B) AD Overlay: Prioritize overlaps between MD and AD activation. AD in 6/8/12 from MD → friction; 2/11/5/9 → facilitation. (C) Nodes: If MD/AD is Rahu/Ketu, route delivery via sign lord, conjunctions, and aspects. (D) Divisional Confirmers: D9 (relationships/dharma), D10 (career), plus domain charts (D7/D4). (E) Health Flag: Raise caution if MD/AD rules/occupies 6/8/12, is weak, combust, or heavily afflicted","This text provides operational guidelines for interpreting astrological Mahadashas (MD) and Antardashas (AD). It emphasizes activating houses ruled, occupied, or aspected by the MD lord, including karaka domains. AD interpretation should prioritize overlaps with MD activations, noting that AD in 6/8/12 from MD indicates friction, while 2/11/5/9 suggests facilitation. Rahu/Ketu MD/AD should be interpreted through their sign lords, conjunctions, and aspects. Divisional charts (D9, D10, D7, D4) offer further confirmation. Caution is advised if MD/AD rules or occupies 6/8/12, is weak, combust, or heavily afflicted","{""type"": ""aspect"", ""source_planet"": null, ""target_house"": null, ""relative_aspect_number"": null, ""planet_nature"": null, ""source_sign"": null, ""target_sign"": null, ""strength"": null}","Foundational Concepts,timing_windows","Astrological Principles,Dashas & Sub-Dashas","general_principle,other_dashas,vimshottari_dasha",BPHS_GCS,p77-78,Passed,2025-09-23T10:42:33.461989,
cce9f6b00dbd3b7a76dfa36e03d809be30b3006f5111f85f4ab3354677eb41a1,,"Important operational addenda for every MD below: (A) Activation: During [MD], activate houses the MD lord owns/occupies/aspects; include karaka domains. (B) AD Overlay: Prioritize overlaps between MD and AD activation. AD in 6/8/12 from MD → friction; 2/11/5/9 → facilitation. (C) Nodes: If MD/AD is Rahu/Ketu, route delivery via sign lord, conjunctions, and aspects. (D) Divisional Confirmers: D9 (relationships/dharma), D10 (career), plus domain charts (D7/D4). (E) Health Flag: Raise caution if MD/AD rules/occupies 6/8/12, is weak, combust, or heavily afflicted","Operational guidelines for Mahadasha (MD) and Antardasha (AD) interpretations: 1. Activate houses owned, occupied, or aspected by the MD lord, including karaka domains. 2. Prioritize overlaps between MD and AD activations. AD in 6/8/12 from MD indicates friction, while 2/11/5/9 suggests facilitation. 3. For Rahu/Ketu MD/AD, consider the sign lord, conjunctions, and aspects. 4. Refer to D9 (relationships/dharma), D10 (career), and relevant divisional charts (D7/D4). 5. Exercise caution if MD/AD rules/occupies 6/8/12, is weak, combust, or heavily afflicted","{""type"": ""varga"", ""varga"": null, ""varga_name"": null, ""domain"": [], ""planet_name"": null, ""sign"": null}","Foundational Concepts,timing_windows","Astrological Principles,Dashas & Sub-Dashas","general_principle,vimshottari_dasha",BPHS_GCS,p77-78,Passed,2025-09-23T10:42:33.461989,
dfb1a0b52824daf7e7719e4c04674ab700ef4e367c72467e295e45c604d32522,,"Important operational addenda for every MD below: (A) Activation: During [MD], activate houses the MD lord owns/occupies/aspects; include karaka domains. (B) AD Overlay: Prioritize overlaps between MD and AD activation. AD in 6/8/12 from MD → friction; 2/11/5/9 → facilitation. (C) Nodes: If MD/AD is Rahu/Ketu, route delivery via sign lord, conjunctions, and aspects. (D) Divisional Confirmers: D9 (relationships/dharma), D10 (career), plus domain charts (D7/D4). (E) Health Flag: Raise caution if MD/AD rules/occupies 6/8/12, is weak, combust, or heavily afflicted","Operational guidelines for Mahadasha (MD) and Antardasha (AD) interpretations: 1. Activate houses owned, occupied, or aspected by the MD lord, including karaka domains. 2. Prioritize overlaps between MD and AD activations. AD in 6/8/12 from MD causes friction; AD in 2/11/5/9 from MD brings facilitation. 3. For Rahu/Ketu MD/AD, consider the sign lord, conjunctions, and aspects. 4. Check D9 for relationships/dharma, D10 for career, and relevant divisional charts (D7/D4). 5. Raise caution if MD/AD rules/occupies 6/8/12, is weak, combust, or heavily afflicted","{""type"": ""karaka"", ""karaka_type"": null, ""planet_name"": null, ""signification"": null}",timing_windows,Dashas & Sub-Dashas,vimshottari_dasha,BPHS_GCS,p77-78,Passed,2025-09-23T10:42:33.461989,
353022aabdb7553a5d07203928abc01661cdacdc23116568e4c5ca1eec74f432,,"Important operational addenda for every MD below: (A) Activation: During [MD], activate houses the MD lord owns/occupies/aspects; include karaka domains. (B) AD Overlay: Prioritize overlaps between MD and AD activation. AD in 6/8/12 from MD → friction; 2/11/5/9 → facilitation. (C) Nodes: If MD/AD is Rahu/Ketu, route delivery via sign lord, conjunctions, and aspects. (D) Divisional Confirmers: D9 (relationships/dharma), D10 (career), plus domain charts (D7/D4). (E) Health Flag: Raise caution if MD/AD rules/occupies 6/8/12, is weak, combust, or heavily afflicted","This text provides operational guidelines for interpreting planetary periods (Mahadasha/Antardasha) in Vedic astrology. It emphasizes activating the houses ruled, occupied, or aspected by the Mahadasha lord, along with their karaka significations. The Antardasha's impact is assessed based on its relationship with the Mahadasha, with harmonious connections facilitating outcomes and challenging ones creating friction. Special rules are given for Rahu/Ketu periods, emphasizing the role of the sign lord and associated planets. Divisional charts (D9, D10, D7, D4) are recommended for confirmation, and potential health issues are flagged when periods involve the 6th, 8th, or 12th houses or afflicted planets","{""type"": ""lordship"", ""lord_of_house"": null, ""placed_in_house"": null, ""planet_name"": null}",timing_windows,"Dashas & Sub-Dashas,Panchang & Lunar Windows,Transits & Periods","chara_dasha,eclipses_nakshatra_windows,eclipses_periods,jupiter_transits,sade_sati,saturn_transits,tithi_yoga_karana,vimshottari_dasha,yogini_dasha",BPHS_GCS,p77-78,Passed,2025-09-23T10:42:33.461989,
e2c3f9bcf1801535e561ee3b0f9110e91ad0e66e4c4c9dfd6d143a7996d4744e,,"Important operational addenda for every MD below: (A) Activation: During [MD], activate houses the MD lord owns/occupies/aspects; include karaka domains. (B) AD Overlay: Prioritize overlaps between MD and AD activation. AD in 6/8/12 from MD → friction; 2/11/5/9 → facilitation. (C) Nodes: If MD/AD is Rahu/Ketu, route delivery via sign lord, conjunctions, and aspects. (D) Divisional Confirmers: D9 (relationships/dharma), D10 (career), plus domain charts (D7/D4). (E) Health Flag: Raise caution if MD/AD rules/occupies 6/8/12, is weak, combust, or heavily afflicted","Operational guidelines for Mahadasha (MD) and Antardasha (AD) interpretations: 1. Activate houses owned, occupied, or aspected by the MD lord, including karaka domains. 2. Prioritize overlaps between MD and AD activations. AD in 6/8/12 from MD causes friction; AD in 2/11/5/9 from MD brings facilitation. 3. For Rahu/Ketu MD/AD, consider the sign lord, conjunctions, and aspects. 4. Refer to D9 (relationships/dharma), D10 (career), and relevant divisional charts (D7/D4). 5. Exercise caution if MD/AD rules/occupies 6/8/12, is weak, combust, or heavily afflicted","{""type"": ""house_profile"", ""house"": null, ""planet_in_house"": null, ""aspected_by_planet"": null, ""state"": """", ""classifications"": [], ""karakas"": [], ""significations"": [""houses"", ""karaka domains""]}","Foundational Concepts,timing_windows","Astrological Principles,Dashas & Sub-Dashas","definition,general_principle,vimshottari_dasha",BPHS_GCS,p77-78,Passed,2025-09-23T10:42:33.461989,AI_CORRECTED
fcc1ceeeeeb97ac76b9ef756a88f2cda2b532967959aacfc1b1ae6d9c5db8daf,,"Important operational addenda for every MD below: (A) Activation: During [MD], activate houses the MD lord owns/occupies/aspects; include karaka domains. (B) AD Overlay: Prioritize overlaps between MD and AD activation. AD in 6/8/12 from MD → friction; 2/11/5/9 → facilitation. (C) Nodes: If MD/AD is Rahu/Ketu, route delivery via sign lord, conjunctions, and aspects. (D) Divisional Confirmers: D9 (relationships/dharma), D10 (career), plus domain charts (D7/D4). (E) Health Flag: Raise caution if MD/AD rules/occupies 6/8/12, is weak, combust, or heavily afflicted","This text provides operational guidelines for interpreting planetary periods (Mahadasha/Antardasha) in Vedic astrology. It emphasizes activating relevant houses based on the Mahadasha lord's ownership, occupation, and aspects, including karaka domains. The relationship between the Mahadasha and Antardasha is crucial, with harmonious connections facilitating positive outcomes and challenging connections creating friction. Special rules apply to Rahu and Ketu, using their sign lords, conjunctions, and aspects. Divisional charts, especially D9 and D10, are recommended for confirmation. Finally, health warnings are raised for periods involving weak, combust, or afflicted planets ruling or occupying the 6th, 8th, or 12th houses","{""type"": ""sign_trait"", ""sign"": null, ""element"": null, ""planet_name"": null, ""house"": null, ""modality"": null, ""ruler"": null}",timing_windows,Dashas & Sub-Dashas,vimshottari_dasha,BPHS_GCS,p77-78,Passed,2025-09-23T10:42:33.461989,
65810e9748e80b7bfc8e8a0462e8f77d16324b1adacb87a2c632b3488c7eb253,,"Important operational addenda for every MD below: (A) Activation: During [MD], activate houses the MD lord owns/occupies/aspects; include karaka domains. (B) AD Overlay: Prioritize overlaps between MD and AD activation. AD in 6/8/12 from MD → friction; 2/11/5/9 → facilitation. (C) Nodes: If MD/AD is Rahu/Ketu, route delivery via sign lord, conjunctions, and aspects. (D) Divisional Confirmers: D9 (relationships/dharma), D10 (career), plus domain charts (D7/D4). (E) Health Flag: Raise caution if MD/AD rules/occupies 6/8/12, is weak, combust, or heavily afflicted","Operational guidelines for interpreting Mahadasha (MD) and Antardasha (AD) periods: 1. Activate the houses owned, occupied, or aspected by the MD lord, including karaka domains. 2. Prioritize overlaps between MD and AD activations. Friction arises if AD is in 6/8/12 from MD; facilitation occurs if AD is in 2/11/5/9 from MD. 3. For Rahu/Ketu MD/AD, consider the sign lord, conjunctions, and aspects. 4. Use D9 for relationships/dharma, D10 for career, and D7/D4 for specific domains. 5. Exercise caution if MD/AD rules/occupies 6/8/12, is weak, combust, or heavily afflicted","{""type"": ""dasha"", ""system"": null, ""mahadasha_lord"": null, ""duration_years"": null, ""antardasha_lord"": null, ""pratyantardasha_lord"": null, ""condition"": null}",timing_windows,Dashas & Sub-Dashas,vimshottari_dasha,BPHS_GCS,p77-78,Passed,2025-09-23T10:42:33.461989,
aec26b484f66323b6b1503ab42c8281e6e57fe3174b4e4ec61df9100fbfb4e61,Sun Mahadasha - Juipter Antardasha,"Jupiter Friend A highly auspicious period. Brings wisdom, recognition, spiritual growth, marriage, or childbirth. Success in education and favor from gurus and superiors. Excellent for overall prosperity","The Sun Mahadasha - Jupiter Antardasha is considered a highly auspicious period, bringing wisdom, recognition, spiritual growth, and potential for marriage or childbirth. Success in education is likely, along with favor from gurus and superiors. Overall prosperity is indicated. (Additional Context: {'Vimshottari Dasha': 'The Vimshottari Dasha system is being used to analyze this period","{""type"": ""dasha"", ""system"": ""Vimshottari"", ""mahadasha_lord"": ""Sun"", ""duration_years"": 6.0, ""antardasha_lord"": ""Jupiter"", ""pratyantardasha_lord"": null, ""condition"": ""highly auspicious""}","career_public_life,family_lineage,learning_education_creativity,relationships,timing_windows,travel_dharma_spirituality,wealth_assets_resources","Career Dynamics,Children & Descendants,Dashas & Sub-Dashas,Dharma & Spiritual Path,Financial Dynamics,Knowledge & Wisdom,Romantic & Marriage","career_peak_timing,childbearing_potential,marriage_spouse,spiritual_growth,vimshottari_dasha,wealth_stability",BPHS_GCS,p77-78,Passed,2025-09-23T10:42:33.461989,MANUAL_REPROCESSED
46b3f2dbf8911ecf73fef11e54458d051f4cc5605d7b696f3a78ecddd50a7c42,Sun Mahadasha - Jupiter Antardasha,"Jupiter Friend A highly auspicious period. Brings wisdom, recognition, spiritual growth, marriage, or childbirth. Success in education and favor from gurus and superiors. Excellent for overall prosperity","The Sun Mahadasha - Jupiter Antardasha is a highly auspicious period signifying wisdom, recognition, spiritual growth, and overall prosperity. It's favorable for marriage, childbirth, educational success, and receiving blessings from mentors and superiors. (Additional Context: This information pertains to the Vimshottari Dasha system, specifically the period of Sun Mahadasha and the sub-period of Jupiter Antardasha. It focuses on the positive influences of this planetary combination","{""type"": ""dasha"", ""system"": ""Vimshottari"", ""mahadasha_lord"": ""Sun"", ""duration_years"": 6, ""antardasha_lord"": ""Jupiter"", ""pratyantardasha_lord"": null, ""condition"": ""highly auspicious""}","career_public_life,family_lineage,learning_education_creativity,relationships,timing_windows,travel_dharma_spirituality,wealth_assets_resources","Career Dynamics,Children & Descendants,Dashas & Sub-Dashas,Dharma & Spiritual Path,Financial Dynamics,Knowledge & Wisdom,Romantic & Marriage","career_peak_timing,childbearing_potential,spiritual_growth,vimshottari_dasha,wealth_stability",BPHS_GCS,p77-78,Passed,2025-09-23T10:42:33.461989,MANUAL_REPROCESSED | AI_CORRECTED
1cc1e837a32db6bc81f317fc5bf49103478a6417c0cf46ba1225b7dad1cc600f,Sun Mahadasha - Mars Antardasha,"Mars Friend High energy, ambition, and drive. A strong Mars brings courage, property acquisition, and professional success. A weak Mars brings arguments, accidents, inflammation, and rash actions","The individual is currently in the Sun Mahadasha and Mars Antardasha. This period is characterized by high energy, ambition, and drive. A strong Mars during this time can bring courage, property acquisition, and professional success. (Additional Context: {'primary_focus': 'timing_windows', 'secondary_focus': 'wealth_assets_resources","{""type"": ""dasha"", ""system"": ""vimshottari"", ""mahadasha_lord"": ""Sun"", ""duration_years"": null, ""antardasha_lord"": ""Mars"", ""pratyantardasha_lord"": null, ""condition"": ""High energy, ambition, and drive. A strong Mars brings courage, property acquisition, and professional success.""}","career_public_life,home_property_vehicles,timing_windows","Career Dynamics,Dashas & Sub-Dashas,Residence & Property","career_stability_longevity,property_acquisition,vimshottari_dasha",BPHS_GCS,p77-78,Passed,2025-09-23T10:42:33.461989,MANUAL_REPROCESSED | AI_CORRECTED
50b87a80b9d9227448a959a2dba347e171f3b3781cfddff51291337e9c1a4234,Sun Mahadasha - Moon Antardasha,"Moon Friend Emotional well-being, domestic happiness, and popularity. A weak Moon can cause emotional distress or issues for the mother","During the Sun Mahadasha and Moon Antardasha, the native can expect themes related to emotional well-being, domestic happiness, and popularity, as the Moon is considered a friend during this period. However, if the Moon is weak, it could lead to emotional distress or difficulties concerning the mother. (Additional Context: {'primary_focus': 'timing_windows', 'secondary_focus': 'health_risks_longevity', 'tertiary_focus': 'family_lineage","{""type"": ""dasha"", ""system"": ""Vimshottari"", ""mahadasha_lord"": ""Sun"", ""duration_years"": null, ""antardasha_lord"": ""Moon"", ""pratyantardasha_lord"": null, ""condition"": ""Friend""}","family_lineage,health_risks_longevity,timing_windows","Dashas & Sub-Dashas,Mental & Emotional Health,Parents & Ancestors","emotional_resilience,mother_status_influence,vimshottari_dasha",BPHS_GCS,p77-78,Passed,2025-09-23T10:42:33.461989,MANUAL_REPROCESSED
51db59ee06dcd543a36c0bd186e83042d21583d4e91d79fcc2ff05e5b6efe413,Sun Mahadasha - Moon Antardasha,"Moon Friend Focus on emotions, mother, and public life. Generally favorable, bringing travel","During the Sun Mahadasha and Moon Antardasha, the native can expect a generally favorable period with a focus on emotions, their mother, and public life. Travel is also indicated. (Additional Context: {'relationships': {'Social & Family Relations': ['parental_relations'], 'Public Interaction': ['social_influence_presence']}, 'travel_dharma_spirituality': {'Travel & Journeys': ['short_travel_local', 'long_travel_foreign']}, 'timing_windows': {'Dashas & Sub-Dashas': ['vimshottari_dasha","{""type"": ""dasha"", ""system"": ""Vimshottari"", ""mahadasha_lord"": ""Sun"", ""duration_years"": null, ""antardasha_lord"": ""Moon"", ""pratyantardasha_lord"": null, ""condition"": ""Generally favorable, bringing travel, focus on emotions, mother, and public life.""}",,,,BPHS_GCS,p77-78,Passed,2025-09-23T10:42:33.461989,MANUAL_REPROCESSED
8b430c74264dc9195c304a1fc525ff5a6a736c6a589c71d77c19fa8c2f4b284a,,Part 2: Mahadasha and Antardasha Interpretations,This section discusses interpretations of planetary periods (Mahadashas) and their sub-periods (Antardashas,"{""type"": ""dasha"", ""system"": null, ""mahadasha_lord"": null, ""duration_years"": null, ""antardasha_lord"": null, ""pratyantardasha_lord"": null, ""condition"": null}",timing_windows,Dashas & Sub-Dashas,vimshottari_dasha,BPHS_GCS,p77-78,Passed,2025-09-23T10:42:33.461989,
7a08da129f1f496f655483e97e5477c9b4656035f405ba71f0d33162e01e01c2,,"Poorly-Placed Sun: Ego conflicts, demotion, trouble with the government or father, low self-esteem, and health issues","A poorly placed Sun can lead to ego conflicts, demotion, trouble with the government or father figures, low self-esteem, and health issues. (Additional Context: The specific effects of a poorly placed Sun will depend on its sign and house placement, as well as any aspects it receives from other planets. Remedies such as offering water to the rising sun or wearing ruby gemstones may be beneficial","{""type"": ""planet_profile"", ""planet_name"": ""Sun"", ""house"": null, ""aspects_house"": null, ""karaka_for"": [""father"", ""government"", ""self-esteem"", ""health""], ""state"": ""poorly-placed"", ""sign"": null, ""friends"": [], ""enemies"": [], ""neutral_to"": []}","career_public_life,core_self_vitality,health_risks_longevity,relationships","Identity & Personality,Physical Health,Prominence & Governance,Social & Family Relations","general_health,parental_relations,politics_public_service,public_image_reputation,self_identity_character,vitality_energy_levels",BPHS_GCS,p77-78,Passed,2025-09-23T10:42:33.461989,
f8915f15fc30a50c43b274d80bf435fd929f2674afb1213fca1fa1bb4c52a2aa,Sun Mahadasha - Rahu Antardasha,"Rahu Enemy A period of sudden changes and challenges. Can bring unexpected rise in status but also deceit, conflict with authority, and mental anxiety. Results are unpredictable and often involve foreign elements","During the Sun Mahadasha and Rahu Antardasha, the individual can expect a period of sudden changes and challenges. This period may bring an unexpected rise in status, but also deceit, conflict with authority figures, and mental anxiety. The results are unpredictable and often involve foreign elements or influences. (Additional Context: This information pertains to the effects of the Sun Mahadasha and Rahu Antardasha period in Vimshottari Dasha system. Rahu is considered an enemy of the Sun, which contributes to the challenging nature of this period","{""type"": ""dasha"", ""system"": ""Vimshottari"", ""mahadasha_lord"": ""Sun"", ""duration_years"": null, ""antardasha_lord"": ""Rahu"", ""pratyantardasha_lord"": null, ""condition"": ""A period of sudden changes and challenges. Can bring unexpected rise in status but also deceit, conflict with authority, and mental anxiety. Results are unpredictable and often involve foreign elements.""}","career_public_life,health_risks_longevity,timing_windows,travel_dharma_spirituality","Career Dynamics,Dashas & Sub-Dashas,Mental & Emotional Health,Travel & Journeys","career_mobility_changes,long_travel_foreign,stress_anxiety,vimshottari_dasha",BPHS_GCS,p77-78,Passed,2025-09-23T10:42:33.461989,MANUAL_REPROCESSED
dd9e15d4105f6bf22f9be8cc46b499c3d182340cb117d849f9b28b52ee00c13c,Sun Mahadasha - Saturn Antardasha,Saturn Enemy A period of struggle and obstacles. Conflicts with superiors and subordinates. Hard work may not yield expected results. Can bring health issues and a feeling of being constrained,"The native is undergoing the Sun Mahadasha and Saturn Antardasha, a period characterized by struggles, obstacles, and conflicts with authority figures. Hard work may not bring desired results, and health issues or feelings of constraint are possible. (Additional Context: This information pertains to the native's current planetary period, indicating potential challenges and difficulties","{""type"": ""dasha"", ""system"": ""Vimshottari"", ""mahadasha_lord"": ""Sun"", ""duration_years"": null, ""antardasha_lord"": ""Saturn"", ""pratyantardasha_lord"": null, ""condition"": ""A period of struggle and obstacles. Conflicts with superiors and subordinates. Hard work may not yield expected results. Can bring health issues and a feeling of being constrained.""}","career_public_life,health_risks_longevity,timing_windows","Career Dynamics,Dashas & Sub-Dashas,Mental & Emotional Health","career_stability_longevity,stress_anxiety,vimshottari_dasha",BPHS_GCS,p77-78,Passed,2025-09-23T10:42:33.461989,MANUAL_REPROCESSED
75f09d92278c8019fa24f5ccb6c654f16712c39c5141f228d8968a1915e1d03e,Sun Mahadasha - Sun Antardasha,"Sun - Intensifies the Sun's natal promise. A strong Sun brings promotion and recognition. A weak Sun brings ego clashes, health problems, and disputes with authority","The Sun Mahadasha - Sun Antardasha period intensifies the native's natal Sun's influence. Positive outcomes like promotion and recognition are likely if the Sun is strong in the birth chart. However, a weak Sun may lead to ego conflicts, health issues, and challenges with authority figures. (Additional Context: This information pertains to the Vimshottari Dasha system, specifically the period of Sun Mahadasha and Sun Antardasha. The impact of this period is heavily contingent upon the natal strength of the Sun","{""type"": ""dasha"", ""system"": ""vimshottari"", ""mahadasha_lord"": ""Sun"", ""duration_years"": 6.0, ""antardasha_lord"": ""Sun"", ""pratyantardasha_lord"": null, ""condition"": ""Intensifies the Sun's natal promise. A strong Sun brings promotion and recognition. A weak Sun brings ego clashes, health problems, and disputes with authority.""}","career_public_life,health_risks_longevity,relationships,timing_windows","Career Dynamics,Dashas & Sub-Dashas,Physical Health,Public Interaction","career_mobility_changes,career_peak_timing,disputes_conflicts,general_health,vimshottari_dasha",BPHS_GCS,p77-78,Passed,2025-09-23T10:42:33.461989,MANUAL_REPROCESSED
b95751f1c01bdf8fae8f28ae6e411f181d92293f4718274e96cb9b5bc963f402,,Sun Mahadasha (6 Years,"The individual is currently in the Sun Mahadasha, which will last for 6 years. (Additional Context: The Sun Mahadasha is a period of self-discovery and vitality. It can bring recognition, leadership opportunities, and improved health. However, it can also lead to ego issues, health challenges related to heat, and conflicts with authority figures if not managed carefully","{""type"": ""dasha"", ""system"": null, ""mahadasha_lord"": ""Sun"", ""duration_years"": 6.0, ""antardasha_lord"": null, ""pratyantardasha_lord"": null, ""condition"": null}",timing_windows,Dashas & Sub-Dashas,vimshottari_dasha,BPHS_GCS,p77-78,Passed,2025-09-23T10:42:33.461989,
bc9c53276ecb1b4c6a838342077bdf0afd0559c49c6102aa208409419fd2cac9,,Sun Mahadasha (6 Years,"The provided text refers to the Sun's Mahadasha, a planetary period in Vedic astrology lasting for 6 years. (Additional Context: The Sun's Mahadasha is generally associated with themes of self-discovery, leadership, vitality, and career advancement. Favorable effects may include recognition, power, and improved health. Challenges could involve ego conflicts, health issues related to heat, or difficulties with authority figures. The specific results depend on the Sun's placement in the birth chart","{""type"": ""planet_profile"", ""planet_name"": ""Sun"", ""house"": null, ""aspects_house"": null, ""karaka_for"": [], ""state"": null, ""sign"": null, ""friends"": [], ""enemies"": [], ""neutral_to"": []}",timing_windows,Dashas & Sub-Dashas,vimshottari_dasha,BPHS_GCS,p77-78,Passed,2025-09-23T10:42:33.461989,
6999af0bca30d97ed6e924dec973c5c67e60340b86b4481d938ae1fe06b4dcf5,,"Sun Mahadasha (6 Years) General Theme: The Sun's Dasha focuses on soul, self, authority, government, father, career, and health (heart, bones, vitality). The outcomes depend entirely on the Sun's natal strength. ● Well-Placed Sun: Rise in status, leadership roles, favor from superiors, good health, confidence, and gains for the father. ● Poorly-Placed Sun: Ego conflicts, demotion, trouble with the government or father, low self-esteem, and health issues","The Sun Mahadasha lasts 6 years and primarily influences the soul, self, authority figures, government, father, career, and health (heart, bones, and vitality). A well-placed Sun can bring elevated status, leadership opportunities, favor from superiors, good health, confidence, and benefits for the father. Conversely, a poorly placed Sun may lead to ego conflicts, demotion, issues with the government or father, low self-esteem, and health problems. (Additional Context: Favorable Sun Mahadasha can bring recognition, promotions, and improved vitality. A challenging Sun Mahadasha may require managing ego and health issues. Remedies like offering water to the Sun and chanting Sun mantras can be beneficial","{""type"": ""dasha"", ""system"": ""vimshottari"", ""mahadasha_lord"": ""Sun"", ""duration_years"": 6.0, ""antardasha_lord"": null, ""pratyantardasha_lord"": null, ""condition"": null}","career_public_life,core_self_vitality,family_lineage,health_risks_longevity,timing_windows","Career Dynamics,Dashas & Sub-Dashas,Identity & Personality,Parents & Ancestors,Physical Health,Prominence & Governance","authority_leadership,career_stability_longevity,father_status_influence,general_health,politics_public_service,self_identity_character,vimshottari_dasha,vitality_energy_levels",BPHS_GCS,p77-78,Passed,2025-09-23T10:42:33.461989,
2224197a249c9a509da00a4efe3a986f484a2e35b9a15870521dba4f280279b9,,"Sun Mahadasha (6 Years) General Theme: The Sun's Dasha focuses on soul, self, authority, government, father, career, and health (heart, bones, vitality). The outcomes depend entirely on the Sun's natal strength. ● Well-Placed Sun: Rise in status, leadership roles, favor from superiors, good health, confidence, and gains for the father. ● Poorly-Placed Sun: Ego conflicts, demotion, trouble with the government or father, low self-esteem, and health issues","The Sun's Mahadasha (6 years) influences soul, self, authority, government, father, career, and health (heart, bones, vitality). A well-placed Sun gives rise to status, leadership, favor from superiors, good health, confidence, and paternal gains. A poorly-placed Sun leads to ego conflicts, demotion, trouble with government or father, low self-esteem, and health issues. (Additional Context: The Sun's position in the birth chart, including aspects and conjunctions, will determine the specific manifestations during this dasha. Remedies, such as chanting mantras or fasting, can mitigate negative effects","{""type"": ""planet_profile"", ""planet_name"": ""Sun"", ""house"": null, ""aspects_house"": null, ""karaka_for"": [""soul"", ""self"", ""authority"", ""government"", ""father"", ""career"", ""health""], ""state"": null, ""sign"": null, ""friends"": [], ""enemies"": [], ""neutral_to"": []}","career_public_life,core_self_vitality,family_lineage,health_risks_longevity,timing_windows","Career Dynamics,Dashas & Sub-Dashas,Identity & Personality,Parents & Ancestors,Physical Health,Prominence & Governance,Purpose & Direction","authority_leadership,career_stability_longevity,confidence_charisma,father_status_influence,general_health,life_path_purpose,physical_appearance,politics_public_service,public_image_reputation,self_identity_character,vimshottari_dasha,vitality_energy_levels",BPHS_GCS,p77-78,Passed,2025-09-23T10:42:33.461989,
9ddcb68ebe04dd86ca31b729975bcac3e2c677704c4d74671b3bde8e496daa8c,,"Well-Placed Sun: Rise in status, leadership roles, favor from superiors, good health, confidence, and gains for the father","A well-positioned Sun in one's birth chart indicates a rise in social standing, potential leadership roles, favor from authority figures, good health, increased confidence, and overall positive outcomes for the father. (Additional Context: The specific positive influences of a well-placed Sun will depend on its house and sign placement, as well as any aspects it forms with other planets. For example, a Sun in the 10th house could signify career success, while a Sun in Leo might enhance creativity and self-expression","{""type"": ""planet_profile"", ""planet_name"": ""Sun"", ""house"": null, ""aspects_house"": null, ""karaka_for"": [""father""], ""state"": ""well-placed"", ""sign"": null, ""friends"": [], ""enemies"": [], ""neutral_to"": []}","career_public_life,core_self_vitality,family_lineage,health_risks_longevity","Identity & Personality,Parents & Ancestors,Physical Health,Prominence & Governance","authority_leadership,confidence_charisma,father_status_influence,general_health,public_image_reputation,self_identity_character,vitality_energy_levels",BPHS_GCS,p77-78,Passed,2025-09-23T10:42:33.461989,
