fact_id,raw_text,source_page,source_name,last_updated,schema_type,topic,theme,theme_group,sub_theme,astrological_trigger_json,ai_summary
40882414ea61548643ccf06bb77494d67a869a96f685bcd78dcf08cf8423b44c,"Additional: Feminine, North direction, White color, Body part: Chest/stomach. Guna: Sattva. Dosha: Kapha.",p60-61,BPHS_GCS,2025-09-23T11:00:25.490173,dosha,,Foundational Concepts,Astrological Principles,"classification,definition,general_principle","{""type"": ""dosha"", ""name"": ""Kapha"", ""components"": [""Feminine"", ""North direction"", ""White color"", ""Chest/stomach"", ""Sattva""]}","The provided astrological details indicate a Kapha dosha, associated with feminine qualities, the north direction, white color, the chest/stomach area, and Sattva guna. (Additional Context: Individuals with prominent Kapha dosha are often described as having a calm and stable nature.  They may be prone to weight gain and should focus on maintaining a balanced lifestyle.  The association with Sattva guna suggests a peaceful and harmonious disposition.)"
41e3ce9ad15984e7df08741ad7cc974d3c8ea4b1fc8b02a4942218ea616da1b0,"Additional: Feminine, South direction, White color, Body part: Face/neck. Guna: Rajas. Dosha: Kapha.",p60-61,BPHS_GCS,2025-09-23T11:00:25.490632,dosha,,"Foundational Concepts,core_self_vitality,doshas","Astrological Principles,Identity & Personality,Other","general_principle,other_doshas_related,other_identity_personality,physical_appearance","{""type"": ""dosha"", ""name"": ""Kapha"", ""components"": [""Kapha""]}","The provided astrological details indicate a Kapha dosha, associated with the feminine, South direction, white color, and the face/neck area of the body. The dominant Guna is Rajas. (Additional Context: Individuals with a prominent Kapha dosha are often described as having a stable and grounded nature.  Rajas Guna, when balanced, can contribute to creativity and activity, but if excessive, it may lead to restlessness or agitation.)"
26359d819b7ab6b7135ec010ec4196131d09a1ffc627267c640c9cdcede1c3d0,"Additional: Masculine, East direction, Red color, Body part: Head. Guna: Rajas. Dosha: Pitta.",p60-61,BPHS_GCS,2025-09-23T11:00:25.491031,dosha,,"doshas,health_risks_longevity","Affliction Doshas,Physical Health","general_health,other_affliction_doshas,pitru_dosha","{""type"": ""dosha"", ""name"": ""Pitta"", ""components"": [""Masculine"", ""East direction"", ""Red color"", ""Head""]}","The individual displays Pitta dosha characteristics, associated with masculine energy, the east direction, the color red, and the head. (Additional Context: Pitta dosha's prominence suggests a tendency towards intensity, leadership, and a sharp intellect.  Balancing Pitta through cooling practices may be beneficial.)"
0512ba7e718cb31f426c85aa19cb2acc01b3ebc67f3daed510787150b3ecd1bc,"Additional: Masculine, West direction, Greenish color, Body part: Arms/shoulders. Guna: Rajas. Dosha: Vata.",p60-61,BPHS_GCS,2025-09-23T11:00:25.491420,dosha,,Foundational Concepts,Astrological Principles,"definition,general_principle","{""type"": ""dosha"", ""name"": ""Vata"", ""components"": [""Masculine"", ""West direction"", ""Greenish color"", ""Arms/shoulders"", ""Rajas""]}","Vata dosha is associated with masculine energy, the west direction, a greenish color, the arms/shoulders area of the body, and Rajas guna."
c46a27b2cb11bf10f03c92ea4ca208a5c0b769c379095da41a8f972fc030dde0,Aquarius (Kumbha),p60-61,BPHS_GCS,2025-09-23T11:00:25.491631,sign_trait,,Foundational Concepts,Astrological Principles,classification,"{""type"": ""sign_trait"", ""sign"": ""Aquarius"", ""element"": ""Air"", ""planet_name"": ""Uranus, Saturn"", ""house"": 11, ""modality"": ""Fixed"", ""ruler"": ""Uranus (modern), Saturn (traditional)""}","The provided text identifies the astrological sign Aquarius (Kumbha). (Additional Context: Aquarius is associated with independence, innovation, and humanitarianism.  People born under this sign are often seen as unconventional, intellectual, and forward-thinking.)"
5de7e37821a8f3bffb6aeb2300748f34f7b3a4cd3c612747e53f390a9cb5319a,"Aries (Mesha)
Symbol: Ram. Ruler: Mars. Element: Fire. Modality: Cardinal.",p60-61,BPHS_GCS,2025-09-23T11:00:25.491905,sign_trait,,core_self_vitality,Identity & Personality,self_identity_character,"{""type"": ""sign_trait"", ""sign"": ""Aries"", ""element"": ""Fire"", ""planet_name"": null, ""house"": null, ""modality"": ""Cardinal"", ""ruler"": ""Mars""}","Aries, symbolized by the Ram, is a fire sign ruled by Mars and has a cardinal modality. (Additional Context: Aries individuals are known for their energetic and assertive nature. As a fire sign, they exhibit enthusiasm and passion. Being a cardinal sign indicates their proactive and initiating qualities. Mars, as the ruler, further emphasizes their drive and competitive spirit.)"
f9e7b6169b52a40c95c0e1da45fba4a4836b704c291bbe49d7ee97236e7380c6,"Aries (Mesha)
Symbol: Ram. Ruler: Mars. Element: Fire. Modality: Cardinal.",p60-61,BPHS_GCS,2025-09-23T11:00:25.491912,planet_profile,,Foundational Concepts,Astrological Principles,"classification,definition,general_principle","{""type"": ""planet_profile"", ""planet_name"": ""Mars"", ""house"": null, ""aspects_house"": null, ""karaka_for"": null, ""state"": null, ""sign"": ""Aries"", ""friends"": null, ""enemies"": null, ""neutral_to"": null}","Aries, symbolized by the Ram, is a fire sign ruled by Mars and is classified as a cardinal sign. (Additional Context: Mars in Aries generally indicates assertive and energetic individuals.  Cardinal signs initiate action and new beginnings.)"
3603c0cc45c869c4af7d83dabda1d4fdbcae68e586683039e114badc99bed874,"Aries (Mesha)
Symbol: Ram. Ruler: Mars. Element: Fire. Modality: Cardinal.
Attributes: Initiating, courageous, impulsive, competitive.
Additional: Masculine, East direction, Red color, Body part: Head. Guna: Rajas. Dosha: Pitta.
Odd sign. Fertility: Barren. Class: Quadruped.",p60-61,BPHS_GCS,2025-09-23T11:00:25.492448,sign_trait,,"core_self_vitality,health_risks_longevity","Identity & Personality,Physical Health","physical_appearance,self_identity_character,vitality_energy_levels","{""type"": ""sign_trait"", ""sign"": ""Aries"", ""element"": ""Fire"", ""planet_name"": null, ""house"": null, ""modality"": ""Cardinal"", ""ruler"": ""Mars""}","Aries, symbolized by the Ram, is a fire sign ruled by Mars. It is a cardinal sign known for initiating, courageous, impulsive, and competitive attributes.  Additional attributes include masculine energy, association with the East direction and red color, and connection to the head. Its Guna is Rajas and Dosha is Pitta. It is considered an odd, barren sign and classified as a quadruped. (Additional Context: Aries individuals are often natural leaders, driven by their passions and desires. Their fiery nature can make them quick-tempered but also highly enthusiastic and energetic.  As a cardinal sign, they excel at initiating new ventures. However, their impulsiveness can sometimes lead to hasty decisions.  Their association with the head may indicate a predisposition to headaches or head injuries.)"
0320724e2de38cc7858f5335ed80e419e41a5dc603bdd63da9532733d2e29966,"Aries (Mesha)
Symbol: Ram. Ruler: Mars. Element: Fire. Modality: Cardinal.
Attributes: Initiating, courageous, impulsive, competitive.
Additional: Masculine, East direction, Red color, Body part: Head. Guna: Rajas. Dosha: Pitta.
Odd sign. Fertility: Barren. Class: Quadruped.",p60-61,BPHS_GCS,2025-09-23T11:00:25.492454,planet_profile,,"core_self_vitality,health_risks_longevity","Identity & Personality,Physical Health","physical_appearance,self_identity_character,vitality_energy_levels","{""type"": ""planet_profile"", ""planet_name"": ""Mars"", ""house"": null, ""aspects_house"": null, ""karaka_for"": null, ""state"": null, ""sign"": ""Aries"", ""friends"": null, ""enemies"": null, ""neutral_to"": null}","Aries, symbolized by the Ram, is ruled by Mars and associated with fire, cardinal modality. Key attributes include initiating, courageous, impulsive, and competitive.  Additional traits are masculine, East direction, red color, ruling the head, Rajas Guna, and Pitta Dosha. It's considered an odd, barren sign and classified as quadruped. (Additional Context: Mars's placement in Aries suggests amplified energy and drive. The fire element adds passion and enthusiasm. Cardinal modality indicates leadership qualities. Being a barren sign can sometimes indicate challenges in childbirth or nurturing, but other factors in the chart must be considered.)"
ba923f856d90ec7f4b004f16cce81abccda3d058ecf39ccef370b2ead7c28398,"Aries (Mesha)
Symbol: Ram. Ruler: Mars. Element: Fire. Modality: Cardinal.
Attributes: Initiating, courageous, impulsive, competitive.
Additional: Masculine, East direction, Red color, Body part: Head. Guna: Rajas. Dosha: Pitta.
Odd sign. Fertility: Barren. Class: Quadruped.",p60-61,BPHS_GCS,2025-09-23T11:00:25.492458,dosha,,"Foundational Concepts,core_self_vitality,health_risks_longevity","Astrological Principles,Identity & Personality,Physical Health","definition,general_principle,physical_appearance,self_identity_character,vitality_energy_levels","{""type"": ""dosha"", ""name"": ""Pitta"", ""components"": [""Pitta""]}","Aries, symbolized by the Ram, is ruled by Mars and associated with fire, cardinal modality. Key attributes include initiating, courageous, impulsive, and competitive.  Additional traits are masculine, East direction, red color, ruling the head, Rajas Guna, and Pitta Dosha. It's considered an odd, barren sign and classified as a quadruped. (Additional Context: Aries individuals are known for their fiery nature and leadership qualities.  Their Mars rulership can make them assertive and prone to quick action. The Pitta dosha may contribute to a passionate and sometimes aggressive temperament.)"
93111985145277267f994facc110a543e1b085fadc1159b6fd659537679cb9c6,"Attributes: Ambitious, disciplined, status-conscious.",p60-61,BPHS_GCS,2025-09-23T11:00:25.492705,prose,,core_self_vitality,Identity & Personality,self_identity_character,"{""type"": ""prose"", ""text"": ""Attributes: Ambitious, disciplined, status-conscious.""}","The individual possesses key attributes of ambition, discipline, and status-consciousness. (Additional Context: These qualities suggest a drive for achievement and recognition, possibly indicating a strong Capricorn or Saturn influence in their astrological chart.  Further analysis is needed to confirm these inferences.)"
b5031a58a55de68c6a6d09e3b8db06f147e7bfe45e8de047b27efffda8232c79,"Attributes: Analytical, practical, critical.",p60-61,BPHS_GCS,2025-09-23T11:00:25.492971,prose,,core_self_vitality,Identity & Personality,self_identity_character,"{""type"": ""prose"", ""text"": ""Attributes: Analytical, practical, critical.""}","The individual possesses key attributes of being analytical, practical, and critical. (Additional Context: These qualities suggest a strong Mercury or Saturn influence.  The person's approach to problem-solving is likely methodical and detail-oriented. They may excel in fields requiring logic and precision.)"
9cda00ce7addd6ff8ac745709c9843760bd02647c059b1676ce3c0012bd41aed,"Attributes: Confident, generous, dramatic.",p60-61,BPHS_GCS,2025-09-23T11:00:25.493185,prose,,core_self_vitality,Identity & Personality,"confidence_charisma,self_identity_character","{""type"": ""prose"", ""text"": ""Attributes: Confident, generous, dramatic.""}","The individual possesses notable attributes of confidence, generosity, and a dramatic flair. (Additional Context: Astrologically, these qualities could be linked to a prominent Jupiter or a well-aspected Sun.  The dramatic nature might also suggest influences from Venus or the fifth house.)"
e8a3f9e2ff3250521f2e9e7e57f17f3d3e059bf21fb98d4d713c799d5320ac3a,"Attributes: Diplomatic, harmonious, idealistic.",p60-61,BPHS_GCS,2025-09-23T11:00:25.493390,prose,,core_self_vitality,Identity & Personality,self_identity_character,"{""type"": ""prose"", ""text"": ""Attributes: Diplomatic, harmonious, idealistic.""}","The individual possesses diplomatic, harmonious, and idealistic attributes. (Additional Context: These qualities suggest a Venus or Jupiter influence, promoting peace, balance, and a refined aesthetic sense.  The individual likely seeks fairness and avoids conflict, preferring to find common ground.  They may also have a strong moral compass and strive for high ideals.)"
fc89799048bdfa077fc0998e5ffcc32e6ebb9ea1da03c998733f808823f5f7d9,"Attributes: Intense, secretive, transformative.",p60-61,BPHS_GCS,2025-09-23T11:00:25.493583,prose,,core_self_vitality,Identity & Personality,self_identity_character,"{""type"": ""prose"", ""text"": ""Attributes: Intense, secretive, transformative.""}","The individual possesses intense, secretive, and transformative attributes. (Additional Context: These attributes suggest a Scorpio or Pluto influence. The transformative nature hints at potential for deep inner work and change.  Secretiveness may indicate a preference for privacy or hidden depths.)"
02667d22f9de685d6567e2492aba2fb1cebda9bf5bbc17682f827b4ec27ec6f2,"Attributes: Optimistic, adventurous, truth-seeking.",p60-61,BPHS_GCS,2025-09-23T11:00:25.493782,prose,,core_self_vitality,Identity & Personality,self_identity_character,"{""type"": ""prose"", ""text"": ""Attributes: Optimistic, adventurous, truth-seeking.""}","The individual possesses attributes of optimism, adventurousness, and a pursuit of truth. (Additional Context: These qualities suggest a personality aligned with Jupiterian or Sagittarian influences, indicating a zest for life, exploration, and philosophical understanding.)"
91c5f6148e8284e3300ee03914b0a4a498ccdccf0521b11a3c4d119259db886d,"Cancer (Karka)
Symbol: Crab. Ruler: Moon. Element: Water. Modality: Cardinal.",p60-61,BPHS_GCS,2025-09-23T11:00:25.493986,sign_trait,,Foundational Concepts,Astrological Principles,"classification,definition,general_principle","{""type"": ""sign_trait"", ""sign"": ""Cancer (Karka)"", ""element"": ""Water"", ""planet_name"": null, ""house"": null, ""modality"": ""Cardinal"", ""ruler"": ""Moon""}","Cancer, symbolized by the Crab, is a cardinal water sign ruled by the Moon. (Additional Context: Individuals born under this sign are often associated with nurturing, emotional depth, and intuition.)"
5970dc7890f82f3dc12d6e48569a62e7d6f411d016afec0139a9dea7e8bd7402,"Cancer (Karka)
Symbol: Crab. Ruler: Moon. Element: Water. Modality: Cardinal.",p60-61,BPHS_GCS,2025-09-23T11:00:25.493990,planet_profile,,Foundational Concepts,Astrological Principles,"classification,definition,general_principle","{""type"": ""planet_profile"", ""planet_name"": ""Moon"", ""house"": null, ""aspects_house"": null, ""karaka_for"": null, ""state"": null, ""sign"": ""Cancer"", ""friends"": null, ""enemies"": null, ""neutral_to"": null}","Cancer, symbolized by the Crab, is a cardinal water sign ruled by the Moon. (Additional Context: The Moon's placement in Cancer suggests heightened emotional sensitivity, nurturing instincts, and a strong connection to home and family.)"
730a9e14bf1aed10b9fca522deec85b467e70dc1935b218ea67a44685da6462c,"Cancer (Karka)
Symbol: Crab. Ruler: Moon. Element: Water. Modality: Cardinal.
Attributes: Nurturing, emotional, protective.
Additional: Feminine, North direction, White color, Body part: Chest/stomach. Guna: Sattva.
Dosha: Kapha. Even sign. Fertility: Very fertile. Class: Biped.",p60-61,BPHS_GCS,2025-09-23T11:00:25.494421,sign_trait,,"core_self_vitality,health_risks_longevity","Identity & Personality,Physical Health","physical_appearance,self_identity_character,vitality_energy_levels","{""type"": ""sign_trait"", ""sign"": ""Cancer (Karka)"", ""element"": ""Water"", ""planet_name"": ""Moon"", ""house"": null, ""modality"": ""Cardinal"", ""ruler"": ""Moon""}","Cancer, symbolized by the Crab, is a cardinal water sign ruled by the Moon.  It is known for being nurturing, emotional, and protective.  Additional attributes include femininity, association with the North direction and white color, and connection to the chest/stomach area. It has a Sattva Guna and Kapha Dosha.  It is considered an even sign and very fertile, classified as biped. (Additional Context: Individuals with prominent Cancer placements in their birth charts are often empathetic, intuitive, and family-oriented. They may have a strong connection to their home and ancestry.  The Moon's influence can make their emotions fluctuate, and they can be prone to moodiness.  However, their nurturing and protective instincts make them loyal and caring individuals.)"
3d3440ef13828e9113d2df07a5291b998bf73d9a777f21e79e8d505c6abcc1c3,"Cancer (Karka)
Symbol: Crab. Ruler: Moon. Element: Water. Modality: Cardinal.
Attributes: Nurturing, emotional, protective.
Additional: Feminine, North direction, White color, Body part: Chest/stomach. Guna: Sattva.
Dosha: Kapha. Even sign. Fertility: Very fertile. Class: Biped.",p60-61,BPHS_GCS,2025-09-23T11:00:25.494426,planet_profile,,core_self_vitality,Identity & Personality,"physical_appearance,self_identity_character","{""type"": ""planet_profile"", ""planet_name"": ""Moon"", ""house"": null, ""aspects_house"": null, ""karaka_for"": null, ""state"": null, ""sign"": ""Cancer"", ""friends"": null, ""enemies"": null, ""neutral_to"": null}","Cancer, symbolized by the Crab, is ruled by the Moon and belongs to the Water element. It's a cardinal sign known for its nurturing, emotional, and protective attributes.  Additional characteristics include femininity, association with the North direction and white color,  connection to the chest/stomach area, Sattva Guna, and Kapha Dosha. It's considered an even sign with high fertility and classified as biped. (Additional Context: Individuals with prominent Cancer placements are often empathetic, intuitive, and family-oriented. They may have strong emotional ties to their home and heritage. The Moon's influence can make them sensitive to their surroundings and the emotions of others.)"
c3acbf9e2135b0c87e8c782aeb6f4a799adfa371261bd79a7379ba6d26514fc5,"Cancer (Karka)
Symbol: Crab. Ruler: Moon. Element: Water. Modality: Cardinal.
Attributes: Nurturing, emotional, protective.
Additional: Feminine, North direction, White color, Body part: Chest/stomach. Guna: Sattva.
Dosha: Kapha. Even sign. Fertility: Very fertile. Class: Biped.",p60-61,BPHS_GCS,2025-09-23T11:00:25.494429,dosha,,Foundational Concepts,Astrological Principles,"definition,general_principle","{""type"": ""dosha"", ""name"": ""Kapha"", ""components"": [""Kapha""]}","Cancer is a water sign ruled by the Moon, symbolized by the Crab. Key attributes include nurturing, emotional, and protective tendencies.  It's a feminine, cardinal sign associated with the north direction, white color, and the chest/stomach. Its Guna is Sattva, Dosha is Kapha, it's considered an even sign and very fertile, classified as biped. (Additional Context: Individuals with prominent Cancer placements may be prone to mood swings due to the Moon's influence.  Their nurturing nature can make them excellent caregivers, but also overly sensitive. The watery element contributes to their emotional depth.)"
00089010ad602cf678a2dab768561e22971bb6653a23e73bcc5b1959d6ba1512,"Cancer (Karka)
Symbol: Crab. Ruler: Moon. Element: Water. Modality: Cardinal.
Attributes: Nurturing, emotional, protective.
Additional: Feminine, North direction, White color, Body part: Chest/stomach. Guna: Sattva. Dosha: Kapha. Even sign. Fertility: Very fertile. Class: Biped.",p60-61,BPHS_GCS,2025-09-23T11:00:25.494789,dosha,,Foundational Concepts,Astrological Principles,"definition,general_principle","{""type"": ""dosha"", ""name"": ""Kapha"", ""components"": [""Kapha""]}","Cancer is a cardinal water sign ruled by the Moon.  It is associated with nurturing, emotional, and protective qualities.  Additional attributes include femininity, North direction, white color, chest/stomach body part, Sattva Guna, Kapha Dosha, even sign, and high fertility. (Additional Context: Individuals with prominent Cancer placements may be prone to mood swings due to the Moon's influence.  They often excel in caregiving roles and value emotional security.)"
827cf3abe919f1aa47b1529208b0f6063cd118dc1d4929eacaf8400bcb70f8d2,"Cancer (Karka)
Symbol: Crab. Ruler: Moon. Element: Water. Modality: Cardinal.
Attributes: Nurturing, emotional, protective.
Additional: Feminine, North direction, White color, Body part: Chest/stomach. Guna: Sattva. Dosha: Kapha. Even sign. Fertility: Very fertile. Class: Biped.",p60-61,BPHS_GCS,2025-09-23T11:00:25.494787,planet_profile,,core_self_vitality,Identity & Personality,"physical_appearance,self_identity_character","{""type"": ""planet_profile"", ""planet_name"": ""Moon"", ""house"": null, ""aspects_house"": null, ""karaka_for"": null, ""state"": null, ""sign"": ""Cancer"", ""friends"": null, ""enemies"": null, ""neutral_to"": null}","Cancer, symbolized by the Crab, is ruled by the Moon and belongs to the Water element. It's a cardinal sign known for its nurturing, emotional, and protective attributes.  Additional characteristics include femininity, association with the North direction and white color, and rulership over the chest/stomach area. It has a Sattva Guna, Kapha Dosha, is considered an even sign, and possesses high fertility, classified as biped. (Additional Context: Individuals with prominent Cancer placements are often empathetic, intuitive, and family-oriented. They may have strong ties to their mothers and value emotional security.  However, they can also be moody, sensitive, and prone to nostalgia.)"
28be5fac8390f0364eaa5fe19768aecf2aa5734908e4b1e14d506ead0776f34f,"Cancer (Karka)
Symbol: Crab. Ruler: Moon. Element: Water. Modality: Cardinal.
Attributes: Nurturing, emotional, protective.
Additional: Feminine, North direction, White color, Body part: Chest/stomach. Guna: Sattva. Dosha: Kapha. Even sign. Fertility: Very fertile. Class: Biped.",p60-61,BPHS_GCS,2025-09-23T11:00:25.494783,sign_trait,,core_self_vitality,Identity & Personality,self_identity_character,"{""type"": ""sign_trait"", ""sign"": ""Cancer"", ""element"": ""Water"", ""planet_name"": ""Moon"", ""house"": null, ""modality"": ""Cardinal"", ""ruler"": ""Moon""}","Cancer, symbolized by the Crab, is a cardinal water sign ruled by the Moon.  It is associated with nurturing, emotional, and protective attributes.  Additional traits include femininity, North direction, white color, chest/stomach as the corresponding body part, Sattva Guna, Kapha Dosha, and high fertility. (Additional Context: Cancer's connection to the Moon suggests a strong influence of emotions and intuition. As a water sign, it emphasizes sensitivity and empathy. The cardinal modality indicates initiative and leadership qualities.)"
b6e468c2157506a9429713258396bb84ab4c481d8a6be8cc5e0b6ecc6f42c1d0,Capricorn (Makara),p60-61,BPHS_GCS,2025-09-23T11:00:25.494915,sign_trait,,core_self_vitality,Identity & Personality,self_identity_character,"{""type"": ""sign_trait"", ""sign"": ""Capricorn"", ""element"": ""Earth"", ""planet_name"": ""Saturn"", ""house"": 10, ""modality"": ""Cardinal"", ""ruler"": ""Saturn""}","Capricorn, also known as Makara, is an Earth sign ruled by Saturn. (Additional Context: Capricorns are known for their ambition, discipline, and practicality.  They are often associated with career success and public life.)"
8153f6591946aaf1db99835b401357fb9900a7276647f0a38171a775881570b0,"Capricorn (Makara)
Symbol: Sea-Goat. Ruler: Saturn. Element: Earth. Modality: Cardinal.",p60-61,BPHS_GCS,2025-09-23T11:00:25.495092,sign_trait,,Foundational Concepts,Astrological Principles,"classification,definition,general_principle","{""type"": ""sign_trait"", ""sign"": ""Capricorn"", ""element"": ""Earth"", ""planet_name"": null, ""house"": null, ""modality"": ""Cardinal"", ""ruler"": ""Saturn""}","Capricorn, symbolized by the Sea-Goat, is ruled by Saturn. It's an Earth sign with Cardinal modality. (Additional Context: Capricorn's grounded Earth element combined with Saturn's influence suggests a practical and disciplined approach to life. The Cardinal modality indicates initiative and leadership qualities.)"
7669ec0a1731eea91ebde3a33ef3c1917df0dab0b48cc8e480294aa54c25f8cb,"Capricorn (Makara)
Symbol: Sea-Goat. Ruler: Saturn. Element: Earth. Modality: Cardinal.",p60-61,BPHS_GCS,2025-09-23T11:00:25.495095,planet_profile,,Foundational Concepts,Astrological Principles,"classification,definition,general_principle","{""type"": ""planet_profile"", ""planet_name"": ""Saturn"", ""house"": null, ""aspects_house"": null, ""karaka_for"": null, ""state"": null, ""sign"": ""Capricorn (Makara)"", ""friends"": null, ""enemies"": null, ""neutral_to"": null}","Capricorn, symbolized by the Sea-Goat, is ruled by Saturn, belongs to the Earth element, and is of Cardinal modality. (Additional Context: Saturn's rulership of Capricorn indicates a focus on structure, discipline, and responsibility.  The Earth element grounding suggests practicality and a focus on tangible results. The Cardinal modality implies initiative and leadership qualities.)"
b2b499ecaf4aa6691897f59e36196ab75fb8208e668bdbaf9b5aace802fde316,Dosha: Kapha.,p60-61,BPHS_GCS,2025-09-23T11:00:25.495213,dosha,,doshas,Other,other_doshas_related,"{""type"": ""dosha"", ""name"": ""Kapha"", ""components"": [""Kapha""]}","The individual has a Kapha dosha. (Additional Context: Individuals with a Kapha dosha are often described as having a stable and grounded nature. They can be calm, nurturing, and supportive.  Potential challenges might include inertia, resistance to change, and a tendency towards emotional attachment.  Balancing Kapha involves incorporating stimulating activities, maintaining a healthy diet, and fostering emotional resilience.)"
878ca4850145a8c500317d7616af2a072e74b2005fa48e6e71c6caab5f05ba37,Dosha: Pitta.,p60-61,BPHS_GCS,2025-09-23T11:00:25.495330,dosha,,doshas,Affliction Doshas,pitru_dosha,"{""type"": ""dosha"", ""name"": ""Pitta"", ""components"": []}","The individual has a Pitta dosha. (Additional Context: Pitta dosha is associated with fire and water elements, and its imbalance can manifest as heat-related conditions in the body and mind.  Balancing Pitta involves lifestyle adjustments like favoring cooling foods, managing stress through calming practices, and maintaining moderate physical activity.)"
65582038c09092d215820e738914034329f29474ecde5131ca386ea0ce62cf91,Dosha: Vata.,p60-61,BPHS_GCS,2025-09-23T11:00:25.495446,dosha,,health_risks_longevity,Physical Health,general_health,"{""type"": ""dosha"", ""name"": ""Vata"", ""components"": []}","The individual has a Vata dosha. (Additional Context: Vata dosha is associated with air and ether elements, influencing movement, creativity, and quick thinking.  An imbalance might lead to anxiety, dryness, or digestive issues.  Balancing practices could include grounding routines, warm foods, and regular rest.)"
4f5534daebd12637f8fc6f31f0179bae6ec0aed7b614c2ad3c69b78a45bdaa64,"Foundational Database: Signs (Rashis)
The Rashis are the 30° divisions of the zodiac. They are the environments where planets
express their energy.",p60-61,BPHS_GCS,2025-09-23T11:00:25.495710,prose,,Foundational Concepts,Astrological Principles,"classification,definition,general_principle","{""type"": ""prose"", ""text"": ""Foundational Database: Signs (Rashis)\nThe Rashis are the 30\u00b0 divisions of the zodiac. They are the environments where planets\nexpress their energy.""}","The Rashis, 30-degree divisions of the zodiac, are environments where planets express their energy."
76972a07d4e0378800cfdcdbb187fb6d078528dc6f0d080c862833d6bf3efb8f,"Gemini (Mithuna)
Symbol: Twins. Ruler: Mercury. Element: Air. Modality: Dual.",p60-61,BPHS_GCS,2025-09-23T11:00:25.495884,sign_trait,,Foundational Concepts,Astrological Principles,"classification,definition,general_principle","{""type"": ""sign_trait"", ""sign"": ""Gemini"", ""element"": ""Air"", ""planet_name"": null, ""house"": null, ""modality"": ""Dual"", ""ruler"": ""Mercury""}","Gemini, symbolized by the Twins, is an Air sign ruled by Mercury and characterized by its dual nature. (Additional Context: Gemini's duality can manifest as versatility and adaptability, but also indecisiveness.  As a mutable Air sign, Gemini is associated with communication, intellect, and curiosity.)"
88e6a7e9533e79e24bbfcfb7e4311e14a1e467d664cc21bc4aff52c916fb0059,"Gemini (Mithuna)
Symbol: Twins. Ruler: Mercury. Element: Air. Modality: Dual.",p60-61,BPHS_GCS,2025-09-23T11:00:25.495888,planet_profile,,Foundational Concepts,Astrological Principles,"classification,definition,general_principle","{""type"": ""planet_profile"", ""planet_name"": ""Mercury"", ""house"": null, ""aspects_house"": null, ""karaka_for"": null, ""state"": null, ""sign"": ""Gemini"", ""friends"": null, ""enemies"": null, ""neutral_to"": null}","Gemini, symbolized by the Twins, is ruled by Mercury, belongs to the Air element, and has a Dual modality. (Additional Context: Gemini's dual nature can lead to versatility and adaptability, but also indecision. Mercury's influence as ruler suggests strong communication and intellectual skills.  The Air element contributes to a quick-witted and social disposition.)"
dd4c5d77f9b58c4ea975e5e95d2c86d5a84d1ab7ae0e737e522702bbc8efe440,"Gemini (Mithuna)
Symbol: Twins. Ruler: Mercury. Element: Air. Modality: Dual.
Attributes: Communicative, curious, adaptable.
Additional: Masculine, West direction, Greenish color, Body part: Arms/shoulders. Guna:
Rajas. Dosha: Vata. Odd sign. Fertility: Semi-fertile. Class: Biped.",p60-61,BPHS_GCS,2025-09-23T11:00:25.496258,dosha,,"Foundational Concepts,core_self_vitality,health_risks_longevity","Astrological Principles,Identity & Personality,Physical Health","definition,general_principle,physical_appearance,self_identity_character,vitality_energy_levels","{""type"": ""dosha"", ""name"": ""Vata"", ""components"": [""Vata""]}","Gemini, symbolized by the Twins and ruled by Mercury, is an Air sign with dual modality.  Key attributes include communication, curiosity, and adaptability.  Additional characteristics are: masculine, associated with the West, greenish color, connected to arms/shoulders, Rajas Guna, and semi-fertile. It's an odd, biped sign. (Additional Context: People with Gemini prominent in their charts may experience fluctuating energy levels and a constant thirst for knowledge and new experiences.  Their dual nature can lead to internal conflicts and indecision.  They excel in communication-related fields and adapt well to change.)"
2e52573c088d7a963dca92c305daf56e7cc00e105b18b377a3567f14bb5e1577,"Gemini (Mithuna)
Symbol: Twins. Ruler: Mercury. Element: Air. Modality: Dual.
Attributes: Communicative, curious, adaptable.
Additional: Masculine, West direction, Greenish color, Body part: Arms/shoulders. Guna:
Rajas. Dosha: Vata. Odd sign. Fertility: Semi-fertile. Class: Biped.",p60-61,BPHS_GCS,2025-09-23T11:00:25.496251,sign_trait,,"core_self_vitality,health_risks_longevity","Identity & Personality,Physical Health","physical_appearance,self_identity_character,vitality_energy_levels","{""type"": ""sign_trait"", ""sign"": ""Gemini"", ""element"": ""Air"", ""planet_name"": null, ""house"": null, ""modality"": ""Dual"", ""ruler"": ""Mercury""}","Gemini, symbolized by the Twins, is ruled by Mercury. It's an Air sign with a Dual modality, known for being communicative, curious, and adaptable.  Additional attributes include: Masculine, West direction, Greenish color, Arms/shoulders (body part), Rajas Guna, and Vata Dosha. It's considered an odd, semi-fertile sign, classified as Biped. (Additional Context: People born under the sign of Gemini are often intellectually inclined, quick-witted, and versatile. They may excel in communication-related fields.  Their dual nature can sometimes lead to indecisiveness.  As an air sign, they thrive on social interaction and mental stimulation.)"
b090041e8c89c29b64685f41af67ee3f02059e56d4b3e962411941ebe958dd86,"Gemini (Mithuna)
Symbol: Twins. Ruler: Mercury. Element: Air. Modality: Dual.
Attributes: Communicative, curious, adaptable.
Additional: Masculine, West direction, Greenish color, Body part: Arms/shoulders. Guna:
Rajas. Dosha: Vata. Odd sign. Fertility: Semi-fertile. Class: Biped.",p60-61,BPHS_GCS,2025-09-23T11:00:25.496255,planet_profile,,"Foundational Concepts,core_self_vitality,health_risks_longevity","Astrological Principles,Identity & Personality,Physical Health","classification,definition,general_principle,physical_appearance,self_identity_character,vitality_energy_levels","{""type"": ""planet_profile"", ""planet_name"": null, ""house"": null, ""aspects_house"": null, ""karaka_for"": null, ""state"": null, ""sign"": ""Gemini"", ""friends"": null, ""enemies"": null, ""neutral_to"": null}","Gemini, symbolized by the Twins and ruled by Mercury, is an air sign with a dual modality.  Key attributes include communication, curiosity, and adaptability.  Additional characteristics are: masculine, associated with the west direction, greenish color, arms/shoulders as body parts, Rajas guna, Vata dosha, odd sign, and semi-fertile. (Additional Context: Gemini's dual nature can lead to internal conflict and indecision.  As a mutable air sign, they are highly adaptable and thrive in dynamic environments. Ruled by Mercury, the planet of communication, they excel in expressing themselves and exchanging ideas. Their curiosity and quick wit make them natural learners.)"
9a418a90b1b0d96a56568d56ecebe67bc0eed365a54645f1fdb004635a5534d4,"Gemini (Mithuna)
Symbol: Twins. Ruler: Mercury. Element: Air. Modality: Dual.
Attributes: Communicative, curious, adaptable.
Additional: Masculine, West direction, Greenish color, Body part: Arms/shoulders. Guna: Rajas. Dosha: Vata. Odd sign. Fertility: Semi-fertile. Class: Biped.",p60-61,BPHS_GCS,2025-09-23T11:00:25.496604,sign_trait,,"core_self_vitality,health_risks_longevity","Identity & Personality,Physical Health","physical_appearance,self_identity_character,vitality_energy_levels","{""type"": ""sign_trait"", ""sign"": ""Gemini"", ""element"": ""Air"", ""planet_name"": null, ""house"": null, ""modality"": ""Dual"", ""ruler"": ""Mercury""}","Gemini, symbolized by the Twins, is ruled by Mercury.  It is an Air sign with a Dual modality. Key attributes include communication, curiosity, and adaptability.  Additional traits are: Masculine, West direction, Greenish color, Arms/shoulders (body part), Rajas Guna, and Vata Dosha. It is considered an odd, semi-fertile sign. (Additional Context: People born under Gemini are known for their intellectual curiosity, versatility, and ability to communicate effectively.  They can be restless and indecisive at times due to their dual nature.  Their quick wit and adaptability make them excel in social situations.)"
7e1c769dcc26543e4238b88746504cebeed185d2d7fe8fdf98f59a1e28a59ab0,"Gemini (Mithuna)
Symbol: Twins. Ruler: Mercury. Element: Air. Modality: Dual.
Attributes: Communicative, curious, adaptable.
Additional: Masculine, West direction, Greenish color, Body part: Arms/shoulders. Guna: Rajas. Dosha: Vata. Odd sign. Fertility: Semi-fertile. Class: Biped.",p60-61,BPHS_GCS,2025-09-23T11:00:25.496608,planet_profile,,"Foundational Concepts,core_self_vitality","Astrological Principles,Identity & Personality","classification,definition,self_identity_character","{""type"": ""planet_profile"", ""planet_name"": null, ""house"": null, ""aspects_house"": null, ""karaka_for"": null, ""state"": null, ""sign"": ""Gemini"", ""friends"": null, ""enemies"": null, ""neutral_to"": null}","Gemini, symbolized by the Twins and ruled by Mercury, is an air sign with a dual modality.  Key attributes include communication, curiosity, and adaptability.  Additional characteristics are: masculine, associated with the west direction, greenish color, arms/shoulders as body parts, Rajas guna, and Vata dosha. Gemini is considered an odd, semi-fertile sign and classified as biped. (Additional Context: People born under the sign of Gemini are often intellectually inclined, quick-witted, and versatile. They may excel in fields requiring communication and adaptability.  However, their dual nature can sometimes lead to indecisiveness.)"
10256ca13d8cdd595ba84e0914dbe562f2ffc0accdb53b4855ca30fa2ee54457,"Gemini (Mithuna)
Symbol: Twins. Ruler: Mercury. Element: Air. Modality: Dual.
Attributes: Communicative, curious, adaptable.
Additional: Masculine, West direction, Greenish color, Body part: Arms/shoulders. Guna: Rajas. Dosha: Vata. Odd sign. Fertility: Semi-fertile. Class: Biped.",p60-61,BPHS_GCS,2025-09-23T11:00:25.496610,dosha,,"Foundational Concepts,core_self_vitality","Astrological Principles,Identity & Personality","definition,general_principle,self_identity_character","{""type"": ""dosha"", ""name"": ""Vata"", ""components"": [""Vata""]}","Gemini, symbolized by the Twins and ruled by Mercury, is an Air sign with dual modality.  Key attributes include communication, curiosity, and adaptability.  Other characteristics: masculine, associated with the West, greenish color, connected to arms/shoulders, Rajas Guna, and semi-fertile. (Additional Context: People with Gemini prominent in their charts may experience fluctuating energy levels and a constant thirst for new experiences.  Their dual nature can lead to internal conflicts and indecisiveness.  Strong Mercury influence can grant sharp intellect and communication skills.)"
4a044921da709e58cfe2da2dcfbdd7db131135269975152d5e3a75793f85a69f,Leo (Simha),p60-61,BPHS_GCS,2025-09-23T11:00:25.496721,sign_trait,,core_self_vitality,Identity & Personality,self_identity_character,"{""type"": ""sign_trait"", ""sign"": ""Leo"", ""element"": ""Fire"", ""planet_name"": ""Sun"", ""house"": 5, ""modality"": ""Fixed"", ""ruler"": ""Sun""}","The provided text identifies the astrological sign as Leo (Simha). (Additional Context: Leo is a fire sign known for its warmth, generosity, and dramatic flair. Ruled by the Sun, Leos often possess a natural charisma and a desire to be the center of attention. They are typically associated with creativity, self-expression, and leadership qualities.)"
e335e292513a61d4b468eba543b2b9cb2a82399f1f4d5e94ec191f28a5fece85,Libra (Tula),p60-61,BPHS_GCS,2025-09-23T11:00:25.496834,sign_trait,,Foundational Concepts,Astrological Principles,classification,"{""type"": ""sign_trait"", ""sign"": ""Libra"", ""element"": ""Air"", ""planet_name"": ""Venus"", ""house"": 7, ""modality"": ""Cardinal"", ""ruler"": ""Venus""}","The given text identifies the astrological sign as Libra (Tula). (Additional Context: Libra, ruled by Venus, is associated with balance, harmony, relationships, and a love for beauty and aesthetics.  Its cardinal modality suggests initiative and leadership in social contexts. Being an air sign, Libra is intellectual, communicative, and thrives in social settings.)"
abb9640f46c2c5b13f108cbec605c8f4c5c0cd2cfbed2f8ad78eee81c8216df7,"Libra (Tula)
Symbol: Scales. Ruler: Venus. Element: Air. Modality: Cardinal.",p60-61,BPHS_GCS,2025-09-23T11:00:25.496998,sign_trait,,Foundational Concepts,Astrological Principles,"classification,definition,general_principle","{""type"": ""sign_trait"", ""sign"": ""Libra"", ""element"": ""Air"", ""planet_name"": null, ""house"": null, ""modality"": ""Cardinal"", ""ruler"": ""Venus""}","Libra, symbolized by the Scales, is an Air sign ruled by Venus and has a Cardinal modality. (Additional Context: Librans are known for their diplomacy, balance, and appreciation for beauty and harmony. As a Cardinal sign, they are initiators and can be quite independent. Venus' influence makes them romantic and charming.)"
31cbc3c8e067fc234f53c5a3d9c1b95522cb432a9fe0d4b69558c24252f3a430,"Libra (Tula)
Symbol: Scales. Ruler: Venus. Element: Air. Modality: Cardinal.",p60-61,BPHS_GCS,2025-09-23T11:00:25.497003,planet_profile,,Foundational Concepts,Astrological Principles,"classification,definition,general_principle","{""type"": ""planet_profile"", ""planet_name"": ""Venus"", ""house"": null, ""aspects_house"": null, ""karaka_for"": null, ""state"": null, ""sign"": ""Libra"", ""friends"": null, ""enemies"": null, ""neutral_to"": null}","Libra, symbolized by the Scales, is ruled by Venus, belongs to the Air element, and is of Cardinal modality. (Additional Context: Venus ruling Libra suggests a focus on balance, harmony, and aesthetics.  The Air element indicates intellectual and social tendencies, while the Cardinal modality implies initiative and leadership qualities.)"
69e7d6d1fe058c6847465ad6d72b2eee71075ecb173ad767af0b7d0091f0539a,Ruler: Mars.,p60-61,BPHS_GCS,2025-09-23T11:00:25.497111,planet_profile,,other,Other,other,"{""type"": ""planet_profile"", ""planet_name"": ""Mars"", ""house"": null, ""aspects_house"": null, ""karaka_for"": null, ""state"": null, ""sign"": null, ""friends"": null, ""enemies"": null, ""neutral_to"": null}",Mars is the ruler.
f0a49c2b5549413b4d1923dfe9433186f6d5f225b53dd4126dae83b5bcbef6c7,Sagittarius (Dhanu),p60-61,BPHS_GCS,2025-09-23T11:00:25.497238,sign_trait,,Foundational Concepts,Astrological Principles,classification,"{""type"": ""sign_trait"", ""sign"": ""Sagittarius"", ""element"": ""Fire"", ""planet_name"": ""Jupiter"", ""house"": 9, ""modality"": ""Mutable"", ""ruler"": ""Jupiter""}","The provided text identifies the astrological sign Sagittarius (Dhanu). (Additional Context: Individuals born under the sign of Sagittarius are known for their optimistic, adventurous, and philosophical nature.  They are ruled by Jupiter, the planet of expansion and good fortune, which often grants them a jovial disposition and a thirst for knowledge and exploration.)"
53a7dd92651e00f1b23ea614b72db405ffabac002d0f568e0858c8317da4f83a,"Sagittarius (Dhanu)
Symbol: Archer. Ruler: Jupiter. Element: Fire. Modality: Dual.",p60-61,BPHS_GCS,2025-09-23T11:00:25.497428,planet_profile,,Foundational Concepts,Astrological Principles,"classification,definition,general_principle","{""type"": ""planet_profile"", ""planet_name"": ""Jupiter"", ""house"": null, ""aspects_house"": null, ""karaka_for"": null, ""state"": null, ""sign"": ""Sagittarius"", ""friends"": null, ""enemies"": null, ""neutral_to"": null}","Sagittarius, symbolized by the Archer, is a fire sign ruled by Jupiter and has a dual modality. (Additional Context: Jupiter, the ruler of Sagittarius, expands the Archer's inherent optimism, philosophical nature, and desire for exploration. The dual modality of Sagittarius suggests adaptability and a capacity to see multiple perspectives.  Sagittarius individuals are known for their honesty, enthusiasm, and love of freedom.)"
9f4059f3605234b19f26c8c22abed2068c4d91ec32eb673789848e8a651a3bbd,"Sagittarius (Dhanu)
Symbol: Archer. Ruler: Jupiter. Element: Fire. Modality: Dual.",p60-61,BPHS_GCS,2025-09-23T11:00:25.497424,sign_trait,,Foundational Concepts,Astrological Principles,"classification,definition,general_principle","{""type"": ""sign_trait"", ""sign"": ""Sagittarius"", ""element"": ""Fire"", ""planet_name"": null, ""house"": null, ""modality"": ""Dual"", ""ruler"": ""Jupiter""}","Sagittarius, symbolized by the Archer, is a Fire sign ruled by Jupiter and possesses a Dual modality. (Additional Context: People born under Sagittarius are known for their optimism, philosophical nature, love for travel and exploration.  Their dual nature can make them appear restless, torn between higher knowledge and worldly experiences.)"
b693eb1c8d5cc78124a159901be533a35a0bff2a111cdbf4ad9066688d2a1a61,Scorpio (Vrischika),p60-61,BPHS_GCS,2025-09-23T11:00:25.497562,sign_trait,,Foundational Concepts,Astrological Principles,classification,"{""type"": ""sign_trait"", ""sign"": ""Scorpio"", ""element"": ""Water"", ""planet_name"": null, ""house"": 8, ""modality"": ""Fixed"", ""ruler"": ""Mars""}","The given text identifies the astrological sign Scorpio (Vrischika). (Additional Context: Scorpio is known for intensity, passion, and transformative experiences.  Those with strong Scorpio placements may experience deep emotional connections, possess a magnetic aura, and undergo significant personal growth throughout their lives.)"
78be1a2ba8736ef504f84af9011fe86a75a47f6f38c6680e955ea89f5e5ba23e,"Scorpio (Vrischika)
Symbol: Scorpion. Ruler: Mars. Element: Water. Modality: Fixed.",p60-61,BPHS_GCS,2025-09-23T11:00:25.497751,sign_trait,,Foundational Concepts,Astrological Principles,"classification,definition,general_principle","{""type"": ""sign_trait"", ""sign"": ""Scorpio"", ""element"": ""Water"", ""planet_name"": null, ""house"": null, ""modality"": ""Fixed"", ""ruler"": ""Mars""}","Scorpio, symbolized by the Scorpion, is a Water sign with a Fixed modality. It is ruled by Mars. (Additional Context: Being a fixed water sign ruled by Mars, Scorpios are known for their emotional intensity, determination, and resourcefulness.  Mars' influence can make them passionate and assertive.)"
290e359bc268a6a05da27c8579959873654465eab29f36cc7c761dc72a602d64,"Scorpio (Vrischika)
Symbol: Scorpion. Ruler: Mars. Element: Water. Modality: Fixed.",p60-61,BPHS_GCS,2025-09-23T11:00:25.497756,planet_profile,,Foundational Concepts,Astrological Principles,"classification,definition,general_principle","{""type"": ""planet_profile"", ""planet_name"": ""Mars"", ""house"": null, ""aspects_house"": null, ""karaka_for"": null, ""state"": null, ""sign"": ""Scorpio (Vrischika)"", ""friends"": null, ""enemies"": null, ""neutral_to"": null}","Scorpio, symbolized by the Scorpion, is a fixed water sign ruled by Mars. (Additional Context: Mars in Scorpio can indicate intense passion, resourcefulness, and a drive for transformation.  However, it can also manifest as aggression, jealousy, or a tendency towards secrecy.)"
185ab9a400d8c02fb1d0d006972bb53c96fc6b2bcc3c355b8ab4edaa527290ad,Symbol: Archer. Ruler: Jupiter. Element: Fire. Modality: Dual.,p60-61,BPHS_GCS,2025-09-23T11:00:25.497915,sign_trait,,Foundational Concepts,Astrological Principles,"classification,definition,general_principle","{""type"": ""sign_trait"", ""sign"": ""Archer"", ""element"": ""Fire"", ""planet_name"": null, ""house"": null, ""modality"": ""Dual"", ""ruler"": ""Jupiter""}","The Archer is a fire sign ruled by Jupiter and has dual modality. (Additional Context: People born under the sign of the Archer (Sagittarius) are known for their optimistic, adventurous, and philosophical nature. Jupiter's influence as the ruler enhances their expansive qualities and pursuit of higher knowledge. The dual modality suggests adaptability and a blend of introspective and extroverted traits.)"
20c89b40717d63f80fd9ad7be102fb94997e0bb39685500ef63301569de79ca9,Symbol: Archer. Ruler: Jupiter. Element: Fire. Modality: Dual.,p60-61,BPHS_GCS,2025-09-23T11:00:25.497918,planet_profile,,Foundational Concepts,Astrological Principles,"classification,definition,general_principle","{""type"": ""planet_profile"", ""planet_name"": ""Jupiter"", ""house"": null, ""aspects_house"": null, ""karaka_for"": null, ""state"": null, ""sign"": ""Sagittarius"", ""friends"": null, ""enemies"": null, ""neutral_to"": null}","Jupiter, the ruler of Sagittarius, is a fiery, dual-natured planet symbolized by the Archer. (Additional Context: Jupiter's expansive nature in Sagittarius suggests optimism, a quest for knowledge, and a tendency towards exploration and philosophical pursuits.  Its fiery nature can manifest as enthusiasm and passion, while its duality might lead to fluctuating beliefs or a broad range of interests.)"
e24a3d2d92da96509938bfc13e1a95983691c96d3d1dd1e4043aca3b052876d5,"Symbol: Archer. Ruler: Jupiter. Element: Fire. Modality: Dual. Attributes: Optimistic, adventurous, truth-seeking. Additional: Masculine, East direction, Yellow color, Body part: Thighs. Guna: Sattva. Dosha: Pitta. Odd sign. Fertility: Semi-fertile. Class: Biped.",p60-61,BPHS_GCS,2025-09-23T11:00:25.498268,sign_trait,,core_self_vitality,"Identity & Personality,Purpose & Direction","life_path_purpose,self_identity_character","{""type"": ""sign_trait"", ""sign"": ""Sagittarius"", ""element"": ""Fire"", ""planet_name"": null, ""house"": null, ""modality"": ""Dual"", ""ruler"": ""Jupiter""}","Sagittarius is a fire sign ruled by Jupiter, known for optimism, adventurousness, and a thirst for truth.  It's associated with masculinity, the East direction, the color yellow, and the thighs.  It has a dual modality, sattva guna, and pitta dosha. It is considered an odd, semi-fertile, biped sign. (Additional Context: Individuals with strong Sagittarius placements may experience a pull towards philosophical or spiritual pursuits, higher education, and travel to expand their horizons.  They may also face challenges related to overconfidence or a lack of focus.)"
e06ff9c0c816e3ab2cae1e8b79116432908e3a74708756c276bbbc571cecc9cb,"Symbol: Archer. Ruler: Jupiter. Element: Fire. Modality: Dual. Attributes: Optimistic, adventurous, truth-seeking. Additional: Masculine, East direction, Yellow color, Body part: Thighs. Guna: Sattva. Dosha: Pitta. Odd sign. Fertility: Semi-fertile. Class: Biped.",p60-61,BPHS_GCS,2025-09-23T11:00:25.498275,planet_profile,,Foundational Concepts,Astrological Principles,"classification,definition,general_principle","{""type"": ""planet_profile"", ""planet_name"": null, ""house"": null, ""aspects_house"": null, ""karaka_for"": null, ""state"": null, ""sign"": ""Sagittarius"", ""friends"": null, ""enemies"": null, ""neutral_to"": null}","Sagittarius is a dual fire sign symbolized by the Archer and ruled by Jupiter. Key attributes include optimism, adventurousness, and a pursuit of truth.  It's associated with masculinity, the East direction, the color yellow, and the thighs.  It has a Sattva Guna, Pitta Dosha and is considered semi-fertile. (Additional Context: Individuals with strong Sagittarius placements may experience a pull towards philosophical and spiritual exploration.  Their adventurous nature can manifest in physical travel or intellectual pursuits.  The duality of the sign suggests a capacity for both deep focus and scattered energy, requiring balance.)"
99e570447a98fd3d427e141aadd1fb3574a28ecd04fedc442b39edbac697c4b6,"Symbol: Archer. Ruler: Jupiter. Element: Fire. Modality: Dual. Attributes: Optimistic, adventurous, truth-seeking. Additional: Masculine, East direction, Yellow color, Body part: Thighs. Guna: Sattva. Dosha: Pitta. Odd sign. Fertility: Semi-fertile. Class: Biped.",p60-61,BPHS_GCS,2025-09-23T11:00:25.498278,dosha,,Foundational Concepts,Astrological Principles,"definition,general_principle","{""type"": ""dosha"", ""name"": ""Pitta"", ""components"": []}","Sagittarius is a fire sign ruled by Jupiter, symbolized by the Archer.  It's dual in modality, masculine, associated with the East, yellow, and thighs.  Key attributes include optimism, adventurousness, and a pursuit of truth. It has a sattvic guna and is considered semi-fertile. (Additional Context: Individuals with Sagittarius prominent in their charts may experience a drive for exploration, higher learning, and philosophical pursuits.  They might also grapple with balancing their adventurous spirit with a need for stability.)"
30a4fd47ef10b781264ad47d99c567bdfd4d1794454a8348b0c4d5047107f479,Symbol: Bull. Ruler: Venus.,p60-61,BPHS_GCS,2025-09-23T11:00:25.498404,planet_profile,,Foundational Concepts,Astrological Principles,"classification,definition","{""type"": ""planet_profile"", ""planet_name"": ""Venus"", ""house"": null, ""aspects_house"": null, ""karaka_for"": null, ""state"": null, ""sign"": ""Taurus"", ""friends"": null, ""enemies"": null, ""neutral_to"": null}","Venus rules Taurus, symbolized by the Bull. (Additional Context: Taurus is a fixed, Earth sign ruled by Venus. Venus in Taurus is considered strong and indicates a focus on material pleasures, beauty, and sensuality.  It can also suggest stubbornness and possessiveness.)"
62a7b98df680007a0e45ef9581a11f689a6a641a5cab2f18cdf6179ec38a8e43,Symbol: Crab. Ruler: Moon.,p60-61,BPHS_GCS,2025-09-23T11:00:25.498525,planet_profile,,"core_self_vitality,health_risks_longevity,relationships","Identity & Personality,Physical Health,Social & Family Relations","parental_relations,self_identity_character,vitality_energy_levels","{""type"": ""planet_profile"", ""planet_name"": ""Moon"", ""house"": null, ""aspects_house"": null, ""karaka_for"": null, ""state"": null, ""sign"": ""Cancer"", ""friends"": null, ""enemies"": null, ""neutral_to"": null}","The Moon rules Cancer, symbolized by the Crab. (Additional Context: The Moon's placement in a birth chart reveals emotional needs, nurturing instincts, and connection to the mother figure.  In Cancer, the Moon is in its home sign, emphasizing emotional depth and sensitivity.)"
194358c478b27d3eb41935d838d8476d12e7dd4ff129b63210da9793fcb3d79f,Symbol: Lion. Ruler: Sun. Element: Fire. Modality: Fixed.,p60-61,BPHS_GCS,2025-09-23T11:00:25.498671,planet_profile,,"core_self_vitality,health_risks_longevity","Identity & Personality,Physical Health","confidence_charisma,self_identity_character,vitality_energy_levels","{""type"": ""planet_profile"", ""planet_name"": ""Sun"", ""house"": null, ""aspects_house"": null, ""karaka_for"": null, ""state"": null, ""sign"": ""Leo"", ""friends"": null, ""enemies"": null, ""neutral_to"": null}","The Sun, ruling planet of Leo, is a fixed fire sign symbolized by the lion. (Additional Context: The Sun's placement in a birth chart signifies the core identity, vitality, and self-expression of an individual.  Its fixed fire nature suggests a strong will, radiant energy, and a focus on creative self-expression.)"
aff4bd0c2dc6d5481e678fb021676d6aa65deb5f9d21a0db4cdc9320e85f28aa,Symbol: Lion. Ruler: Sun. Element: Fire. Modality: Fixed.,p60-61,BPHS_GCS,2025-09-23T11:00:25.498668,sign_trait,,core_self_vitality,Identity & Personality,self_identity_character,"{""type"": ""sign_trait"", ""sign"": ""Lion"", ""element"": ""Fire"", ""planet_name"": null, ""house"": null, ""modality"": ""Fixed"", ""ruler"": ""Sun""}",The Lion sign is a fixed fire sign ruled by the Sun. (Additional Context: Fixed signs are known for stability and determination. Fire signs are associated with passion and energy. The Sun's influence often brings confidence and leadership qualities.)
1741409c96123b0db8a87104f5aa199644dc6f6602a2f691d1da1429f7bb8e7c,"Symbol: Lion. Ruler: Sun. Element: Fire. Modality: Fixed. Attributes: Confident, generous, dramatic. Additional: Masculine, East direction, Golden color, Body part: Heart/spine. Guna: Sattva. Dosha: Pitta. Odd sign. Fertility: Barren. Class: Quadruped.",p60-61,BPHS_GCS,2025-09-23T11:00:25.498994,sign_trait,,"core_self_vitality,health_risks_longevity","Identity & Personality,Physical Health","confidence_charisma,physical_appearance,self_identity_character,vitality_energy_levels","{""type"": ""sign_trait"", ""sign"": ""Leo"", ""element"": ""Fire"", ""planet_name"": ""Sun"", ""house"": 5, ""modality"": ""Fixed"", ""ruler"": ""Sun""}","Leo is a fire sign ruled by the Sun, with a fixed modality. Key attributes include confidence, generosity, and a dramatic flair.  It's associated with the masculine, East direction, gold color, the heart/spine, Sattva Guna, Pitta Dosha, and is considered a barren, quadruped sign. (Additional Context: Leo's fixed modality and association with the Sun suggest a strong will and radiant personality.  The Sattva Guna points to a noble and balanced nature, while Pitta Dosha indicates a fiery temperament. Being a barren sign traditionally suggests challenges in childbearing, while the quadruped classification links to a grounded, stable nature.)"
3a61f4f8c9c69c3cd562ad554b4d6fa31b0a90c7852973fe62cd1633f750817f,"Symbol: Lion. Ruler: Sun. Element: Fire. Modality: Fixed. Attributes: Confident, generous, dramatic. Additional: Masculine, East direction, Golden color, Body part: Heart/spine. Guna: Sattva. Dosha: Pitta. Odd sign. Fertility: Barren. Class: Quadruped.",p60-61,BPHS_GCS,2025-09-23T11:00:25.498998,planet_profile,,"core_self_vitality,health_risks_longevity","Identity & Personality,Physical Health","confidence_charisma,physical_appearance,self_identity_character,vitality_energy_levels","{""type"": ""planet_profile"", ""planet_name"": ""Sun"", ""house"": null, ""aspects_house"": null, ""karaka_for"": null, ""state"": null, ""sign"": ""Leo"", ""friends"": null, ""enemies"": null, ""neutral_to"": null}","Leo is a fixed fire sign ruled by the Sun.  It is associated with the lion, confidence, generosity, and dramatic expression. Other attributes include masculinity, the east direction, the color gold, the heart/spine, sattva guna, pitta dosha, barren fertility, and quadruped classification. (Additional Context: The Sun's placement in Leo suggests a strong emphasis on self-expression, creativity, and leadership.  Individuals with this placement often possess a natural charisma and a desire to be in the spotlight.  However, they may also need to be mindful of ego and pride.)"
6ae7be084ed76ea0b372c1ace15ed0d29d31acbe4cf6c20333611e3147d01be2,"Symbol: Lion. Ruler: Sun. Element: Fire. Modality: Fixed. Attributes: Confident, generous, dramatic. Additional: Masculine, East direction, Golden color, Body part: Heart/spine. Guna: Sattva. Dosha: Pitta. Odd sign. Fertility: Barren. Class: Quadruped.",p60-61,BPHS_GCS,2025-09-23T11:00:25.499001,dosha,,Foundational Concepts,Astrological Principles,"definition,general_principle","{""type"": ""dosha"", ""name"": ""Pitta"", ""components"": []}","Leo is a fixed fire sign ruled by the Sun, symbolized by the lion.  Key attributes include confidence, generosity, and a dramatic flair.  It's associated with the masculine, East direction, gold color, and the heart/spine. Its nature is Sattvic and it's considered a barren, odd, quadruped sign. (Additional Context: Leo's fixed fire nature often manifests as strong will and unwavering focus. Ruled by the Sun, there's a natural inclination towards leadership and self-expression.  The barren association suggests potential challenges in creative pursuits or childbearing, while the Sattvic Guna points to a noble and balanced nature.)"
9229df4f250541abb16d09e7d54cd338be6944985b5e1ef1777b35d9805b3fb2,Symbol: Maiden. Ruler: Mercury. Element: Earth. Modality: Dual.,p60-61,BPHS_GCS,2025-09-23T11:00:25.499154,sign_trait,,Foundational Concepts,Astrological Principles,"classification,definition,general_principle","{""type"": ""sign_trait"", ""sign"": ""Virgo"", ""element"": ""Earth"", ""planet_name"": null, ""house"": null, ""modality"": ""Dual"", ""ruler"": ""Mercury""}","Virgo is an Earth sign ruled by Mercury, and it is a dual modality sign. (Additional Context: Dual modality signs are known for their adaptability and flexibility.  Mercury's influence as ruler makes Virgo analytical, detail-oriented, and communicative.)"
11229c097e2a68238064ecfeb0e00dde94400d3a219c0fb9d5a844c923897c6a,Symbol: Maiden. Ruler: Mercury. Element: Earth. Modality: Dual.,p60-61,BPHS_GCS,2025-09-23T11:00:25.499157,planet_profile,,Foundational Concepts,Astrological Principles,"classification,definition,general_principle","{""type"": ""planet_profile"", ""planet_name"": ""Mercury"", ""house"": null, ""aspects_house"": null, ""karaka_for"": null, ""state"": null, ""sign"": ""Virgo"", ""friends"": null, ""enemies"": null, ""neutral_to"": null}","Mercury, the ruler of Virgo, is symbolized by the Maiden and associated with the Earth element and dual modality. (Additional Context: Mercury's placement in Virgo suggests strong analytical and communication skills.  Its dual nature may manifest as adaptability and versatility in thinking and expression. Being an Earth sign, Virgo grounds Mercury's quick mind, promoting practicality and attention to detail.)"
b2d7cec0dd314b81e27daafed5cc7cf72b3daaf78f4ec5446e11c070821eb27f,"Symbol: Maiden. Ruler: Mercury. Element: Earth. Modality: Dual. Attributes: Analytical, practical, critical. Additional: Feminine, South direction, Green color, Body part: Abdomen/intestines. Guna: Tamas. Dosha: Vata. Even sign. Fertility: Semi-fertile. Class: Biped.",p60-61,BPHS_GCS,2025-09-23T11:00:25.499517,sign_trait,,Foundational Concepts,Astrological Principles,"classification,definition,general_principle","{""type"": ""sign_trait"", ""sign"": ""Virgo"", ""element"": ""Earth"", ""planet_name"": null, ""house"": null, ""modality"": ""Dual"", ""ruler"": ""Mercury""}","Virgo is an Earth sign ruled by Mercury, with a dual modality.  Key attributes include analytical, practical, and critical thinking.  It's also associated with feminine energy, the South direction, the color green, and the abdomen/intestines.  Its Guna is Tamas and Dosha is Vata.  Virgo is considered an even sign with semi-fertile qualities. (Additional Context: People with strong Virgo placements may be detail-oriented, health-conscious, and service-minded.  They might excel in analytical fields and have a knack for organization.  However, they could also be prone to overthinking and perfectionism.)"
e7c016d1423a4e88f852c3717967f3b460695ad5b4bd5ccb91880292a82bd10b,"Symbol: Maiden. Ruler: Mercury. Element: Earth. Modality: Dual. Attributes: Analytical, practical, critical. Additional: Feminine, South direction, Green color, Body part: Abdomen/intestines. Guna: Tamas. Dosha: Vata. Even sign. Fertility: Semi-fertile. Class: Biped.",p60-61,BPHS_GCS,2025-09-23T11:00:25.499523,planet_profile,,"Foundational Concepts,core_self_vitality","Astrological Principles,Identity & Personality","classification,definition,general_principle,self_identity_character","{""type"": ""planet_profile"", ""planet_name"": null, ""house"": null, ""aspects_house"": null, ""karaka_for"": null, ""state"": null, ""sign"": ""Virgo"", ""friends"": null, ""enemies"": null, ""neutral_to"": null}","Virgo is an Earth sign ruled by Mercury, symbolized by the Maiden. It's a dual-natured, even, and semi-fertile sign associated with the South direction and the color green.  Key attributes include analytical, practical, and critical thinking.  It's also linked to the abdomen/intestines, the Tamas guna, and the Vata dosha. (Additional Context: While the text provides core Virgo traits, it lacks astrological inferences. Deeper analysis involving planetary placements within Virgo, aspects, and other chart factors would reveal more about an individual's specific expression of these Virgoan qualities.)"
0ca79f1b9d01b830ee09f4bbd05d4cbe20a82279dc40c908701c62f676fb22ae,"Symbol: Maiden. Ruler: Mercury. Element: Earth. Modality: Dual. Attributes: Analytical, practical, critical. Additional: Feminine, South direction, Green color, Body part: Abdomen/intestines. Guna: Tamas. Dosha: Vata. Even sign. Fertility: Semi-fertile. Class: Biped.",p60-61,BPHS_GCS,2025-09-23T11:00:25.499526,dosha,,Foundational Concepts,Astrological Principles,"definition,general_principle","{""type"": ""dosha"", ""name"": ""Vata"", ""components"": null}","Virgo is symbolized by the Maiden, ruled by Mercury, and belongs to the Earth element. It's a dual-natured, even, semi-fertile sign categorized as biped.  Key attributes include analytical, practical, and critical thinking.  Additional attributes are feminine, South direction, Green color, and association with the abdomen/intestines. Its Guna is Tamas. (Additional Context: People with Virgo placements are often detail-oriented and health-conscious.  They may excel in analytical fields and exhibit a practical approach to life. The mutable nature of Virgo suggests adaptability and flexibility.)"
401faa7f3d086334079078db902d6cffedf6cdda592a21257d8a0e6c35c0832c,Symbol: Scales. Ruler: Venus. Element: Air. Modality: Cardinal.,p60-61,BPHS_GCS,2025-09-23T11:00:25.499683,sign_trait,,Foundational Concepts,Astrological Principles,"classification,definition,general_principle","{""type"": ""sign_trait"", ""sign"": ""Scales"", ""element"": ""Air"", ""planet_name"": null, ""house"": null, ""modality"": ""Cardinal"", ""ruler"": ""Venus""}","Scales is a cardinal air sign ruled by Venus. (Additional Context: In astrology, Libra, represented by the Scales, seeks balance, harmony, and justice. Ruled by Venus, Libra is associated with beauty, love, and relationships. As a cardinal sign, Libra initiates action and thrives in leadership roles.)"
7370da1735c57b1f17d666b9601abf99c302fcb3760c45ddbb57407ea1b2d20f,Symbol: Scales. Ruler: Venus. Element: Air. Modality: Cardinal.,p60-61,BPHS_GCS,2025-09-23T11:00:25.499686,planet_profile,,Foundational Concepts,Astrological Principles,"classification,definition,general_principle","{""type"": ""planet_profile"", ""planet_name"": ""Venus"", ""house"": null, ""aspects_house"": null, ""karaka_for"": null, ""state"": null, ""sign"": ""Libra"", ""friends"": null, ""enemies"": null, ""neutral_to"": null}","Venus, the ruler of Libra, is symbolized by the Scales and associated with the Air element and Cardinal modality. (Additional Context: Venus in Libra suggests a focus on balance, harmony, and beauty.  It can indicate a strong desire for partnerships and social grace.  Potential challenges might include indecisiveness and a tendency to please others at the expense of one's own needs.)"
46d60d78bc1c992f990c88eed205ab0f758e8b65a8059ffbfc1f3f6ad426fb14,"Symbol: Scales. Ruler: Venus. Element: Air. Modality: Cardinal. Attributes: Diplomatic, harmonious, idealistic. Additional: Masculine, West direction, Variegated color, Body part: Lower abdomen/kidneys. Guna: Rajas. Dosha: Vata. Odd sign. Fertility: Semi-fertile. Class: Biped.",p60-61,BPHS_GCS,2025-09-23T11:00:25.500062,dosha,,Foundational Concepts,Astrological Principles,"definition,general_principle","{""type"": ""dosha"", ""name"": ""Vata"", ""components"": []}","Libra is symbolized by the Scales, ruled by Venus, and associated with the Air element.  It's a cardinal sign with diplomatic, harmonious, and idealistic attributes.  Additional characteristics include masculine energy, West direction, variegated colors, and association with the lower abdomen/kidneys. Its Guna is Rajas, Dosha is Vata, and it's considered an odd, semi-fertile, biped sign. (Additional Context: Libra's Vata dosha may contribute to its airy and sometimes indecisive nature.  Balancing this dosha through grounding practices can enhance Libra's innate harmony-seeking abilities.)"
dc0a7e839514316d126ee3d84a01e3db084e880e04a78b24176401afeb03313c,"Symbol: Scales. Ruler: Venus. Element: Air. Modality: Cardinal. Attributes: Diplomatic, harmonious, idealistic. Additional: Masculine, West direction, Variegated color, Body part: Lower abdomen/kidneys. Guna: Rajas. Dosha: Vata. Odd sign. Fertility: Semi-fertile. Class: Biped.",p60-61,BPHS_GCS,2025-09-23T11:00:25.500055,sign_trait,,Foundational Concepts,Astrological Principles,"classification,definition,general_principle","{""type"": ""sign_trait"", ""sign"": ""Scales"", ""element"": ""Air"", ""planet_name"": null, ""house"": null, ""modality"": ""Cardinal"", ""ruler"": ""Venus""}","Libra, symbolized by the Scales, is ruled by Venus and associated with the Air element and Cardinal modality.  It's known for diplomatic, harmonious, and idealistic attributes.  Further traits include masculinity, West direction, variegated colors, and association with the lower abdomen/kidneys, Rajas Guna, Vata Dosha, odd sign, and semi-fertility. (Additional Context: Libra's Vata dosha and semi-fertility suggest a delicate balance is needed for well-being and grounding. The Rajas Guna can manifest as a drive for justice and fairness, but also indecision if not channeled effectively.  Its association with the West may indicate a focus on relationships and partnerships.)"
db22bfe38bd585bb7cfd6af8ffc53091c5c62177d5c2892c61dccabc8c0e3ce4,"Symbol: Scales. Ruler: Venus. Element: Air. Modality: Cardinal. Attributes: Diplomatic, harmonious, idealistic. Additional: Masculine, West direction, Variegated color, Body part: Lower abdomen/kidneys. Guna: Rajas. Dosha: Vata. Odd sign. Fertility: Semi-fertile. Class: Biped.",p60-61,BPHS_GCS,2025-09-23T11:00:25.500059,planet_profile,,Foundational Concepts,Astrological Principles,"classification,definition,general_principle","{""type"": ""planet_profile"", ""planet_name"": null, ""house"": null, ""aspects_house"": null, ""karaka_for"": null, ""state"": null, ""sign"": ""Libra"", ""friends"": null, ""enemies"": null, ""neutral_to"": null}","Libra is an air sign ruled by Venus, symbolized by the Scales. It's a cardinal sign known for diplomacy, harmony, and idealism.  Libra is considered masculine, associated with the west, variegated colors, and the lower abdomen/kidneys. Its Guna is Rajas and Dosha is Vata.  It is an odd, semi-fertile sign. (Additional Context: People born under the sign of Libra are often drawn to careers in law, diplomacy, or the arts. They value balance and fairness and strive to create harmonious relationships. Librans may face challenges related to indecisiveness and a tendency to avoid conflict.)"
5cb875f623075e96f628de77191c2d405a07022f49a48507e97f65984a1e0f25,Symbol: Scorpion. Ruler: Mars. Element: Water. Modality: Fixed.,p60-61,BPHS_GCS,2025-09-23T11:00:25.500213,sign_trait,,Foundational Concepts,Astrological Principles,"classification,definition,general_principle","{""type"": ""sign_trait"", ""sign"": ""Scorpion"", ""element"": ""Water"", ""planet_name"": null, ""house"": null, ""modality"": ""Fixed"", ""ruler"": ""Mars""}",Scorpio is a fixed water sign ruled by Mars. (Additional Context: Scorpio's fixed modality and Mars rulership can create a determined and passionate nature.  Water signs are often associated with emotional depth and intuition.)
5c82464cd03fe36c711a1e949e74c949a15b111651edcb6d34737b27f164b456,Symbol: Scorpion. Ruler: Mars. Element: Water. Modality: Fixed.,p60-61,BPHS_GCS,2025-09-23T11:00:25.500217,planet_profile,,Foundational Concepts,Astrological Principles,"classification,definition,general_principle","{""type"": ""planet_profile"", ""planet_name"": ""Mars"", ""house"": null, ""aspects_house"": null, ""karaka_for"": null, ""state"": null, ""sign"": ""Scorpio"", ""friends"": null, ""enemies"": null, ""neutral_to"": null}","Mars, the ruler of Scorpio, is a fixed water sign symbolized by the Scorpion. (Additional Context: Mars in Scorpio indicates strong will, passion, and intensity.  This placement can also suggest transformative experiences and a focus on uncovering hidden truths.)"
c6f56ab63c8af8bbfe0cd27ab2518190da3f7357a4d4189c8dc15001cefcddd7,"Symbol: Scorpion. Ruler: Mars. Element: Water. Modality: Fixed. Attributes: Intense, secretive, transformative. Additional: Feminine, North direction, Brown color, Body part: Genitals. Guna: Tamas. Dosha: Kapha. Even sign. Fertility: Barren. Class: Insect/reptile.",p60-61,BPHS_GCS,2025-09-23T11:00:25.500553,sign_trait,,"core_self_vitality,health_risks_longevity","Identity & Personality,Physical Health","physical_appearance,self_identity_character,vitality_energy_levels","{""type"": ""sign_trait"", ""sign"": ""Scorpion"", ""element"": ""Water"", ""planet_name"": null, ""house"": null, ""modality"": ""Fixed"", ""ruler"": ""Mars""}","Scorpio is a fixed water sign ruled by Mars.  It is associated with intensity, secrecy, and transformation.  Additional attributes include femininity, a north direction, brown color, genitals as the related body part, a tamasic guna, a kapha dosha, barren fertility, and classification as an insect/reptile. (Additional Context: Scorpio's fixed modality emphasizes its determination and resistance to change. Its watery nature contributes to emotional depth and intuitive abilities.  Mars as a ruler infuses Scorpio with passion, drive, and a certain aggressive edge. The association with the genitals suggests a focus on sexual energy and procreation, yet the ""barren"" fertility suggests complexity in this area, perhaps indicating transformative power rather than literal fertility.)"
041a7ea3ac11fb6fd13c6db8db40459619e40307918a91800211263b96cde27b,"Symbol: Scorpion. Ruler: Mars. Element: Water. Modality: Fixed. Attributes: Intense, secretive, transformative. Additional: Feminine, North direction, Brown color, Body part: Genitals. Guna: Tamas. Dosha: Kapha. Even sign. Fertility: Barren. Class: Insect/reptile.",p60-61,BPHS_GCS,2025-09-23T11:00:25.500556,planet_profile,,Foundational Concepts,Astrological Principles,"classification,definition,general_principle","{""type"": ""planet_profile"", ""planet_name"": null, ""house"": null, ""aspects_house"": null, ""karaka_for"": null, ""state"": null, ""sign"": ""Scorpion"", ""friends"": null, ""enemies"": null, ""neutral_to"": null}","Scorpio is a fixed water sign ruled by Mars. Known for intensity, secrecy, and transformation, it's associated with the feminine, North direction, brown color, genitals, tamas guna, kapha dosha, and barren fertility. (Additional Context: Scorpio's fixed modality suggests a determined and focused nature. Its watery element indicates emotional depth and sensitivity.  Mars as a ruler can bring passion and drive. The association with tamas guna may imply a tendency towards introspection and darker emotions.)"
c61a2f5facb6650b6a96bce4816f349a45f9828572a595f5f405023dab2e1c26,"Symbol: Scorpion. Ruler: Mars. Element: Water. Modality: Fixed. Attributes: Intense, secretive, transformative. Additional: Feminine, North direction, Brown color, Body part: Genitals. Guna: Tamas. Dosha: Kapha. Even sign. Fertility: Barren. Class: Insect/reptile.",p60-61,BPHS_GCS,2025-09-23T11:00:25.500559,dosha,,Foundational Concepts,Astrological Principles,"definition,general_principle","{""type"": ""dosha"", ""name"": ""Kapha"", ""components"": [""Kapha""]}","Scorpio is a fixed water sign ruled by Mars. It's associated with intensity, secrecy, and transformation.  Additional attributes include feminine, north direction, brown color, genitals as the body part, tamas guna, kapha dosha, even sign, and barren fertility, classified as insect/reptile. (Additional Context: Mars as a ruler often indicates strong will and drive, while the fixed water element suggests emotional depth and resilience. The association with transformation hints at potential for growth and change.  Scorpio's secretive nature may stem from a desire to protect vulnerability.)"
40dc4de884f507d22e6ec8b1338b1e02d587fd8521667303b39c5cb319f26f7c,Symbol: Sea-Goat. Ruler: Saturn. Element: Earth. Modality: Cardinal.,p60-61,BPHS_GCS,2025-09-23T11:00:25.500719,sign_trait,,Foundational Concepts,Astrological Principles,"classification,definition,general_principle","{""type"": ""sign_trait"", ""sign"": ""Sea-Goat"", ""element"": ""Earth"", ""planet_name"": null, ""house"": null, ""modality"": ""Cardinal"", ""ruler"": ""Saturn""}","Sea-Goat is an Earth sign ruled by Saturn. Its modality is Cardinal. (Additional Context: Saturn's influence as a ruler suggests a grounded, disciplined, and practical approach. Cardinal modality indicates an initiating and action-oriented energy.)"
4227b58b380790386bdb76864382191f97320d6a69bc94af94dd54fe7baf6421,Symbol: Sea-Goat. Ruler: Saturn. Element: Earth. Modality: Cardinal.,p60-61,BPHS_GCS,2025-09-23T11:00:25.500722,planet_profile,,Foundational Concepts,Astrological Principles,"classification,definition,general_principle","{""type"": ""planet_profile"", ""planet_name"": null, ""house"": null, ""aspects_house"": null, ""karaka_for"": null, ""state"": null, ""sign"": ""Sea-Goat"", ""friends"": null, ""enemies"": null, ""neutral_to"": null}","Capricorn is symbolized by the Sea-Goat, ruled by Saturn, and is an Earth sign with Cardinal modality. (Additional Context: Saturn's influence on Capricorn suggests a grounded, disciplined, and ambitious nature. Cardinal modality indicates initiative and leadership qualities.)"
4a2d9079641722b22c6145a9ce9c2d8822a588d466425eb95cc4c470777b0655,"Symbol: Sea-Goat. Ruler: Saturn. Element: Earth. Modality: Cardinal. Attributes: Ambitious, disciplined, status-conscious. Additional: Feminine, South direction, Dark color, Body part: Knees. Guna: Tamas. Dosha: Vata. Even sign. Fertility: Semi-fertile. Class: Quadruped.",p60-61,BPHS_GCS,2025-09-23T11:00:25.501080,dosha,,Foundational Concepts,Astrological Principles,"definition,general_principle","{""type"": ""dosha"", ""name"": ""Vata"", ""components"": [""Vata""]}","Capricorn is symbolized by the Sea-Goat, ruled by Saturn, and belongs to the Earth element.  It's a cardinal sign with attributes like ambition, discipline, and status-consciousness.  Additional traits include femininity, association with the South direction, dark colors, and the body part of knees. Its Guna is Tamas, Dosha is Vata, and it's considered an even, semi-fertile sign, classified as a quadruped. (Additional Context: Saturn's influence as ruler suggests a grounded, practical nature, potentially leading to delays or restrictions but also rewarding hard work and discipline.  The Earth element reinforces stability and a focus on tangible results.  Being a cardinal sign indicates initiative and leadership qualities. The Tamas Guna may manifest as inertia or pessimism if not balanced with self-awareness.)"
80f3568fa93c50e84725748c71da02166ef7e6e0fa280203de6d6bfb1eb88100,"Symbol: Sea-Goat. Ruler: Saturn. Element: Earth. Modality: Cardinal. Attributes: Ambitious, disciplined, status-conscious. Additional: Feminine, South direction, Dark color, Body part: Knees. Guna: Tamas. Dosha: Vata. Even sign. Fertility: Semi-fertile. Class: Quadruped.",p60-61,BPHS_GCS,2025-09-23T11:00:25.501074,sign_trait,,core_self_vitality,Identity & Personality,self_identity_character,"{""type"": ""sign_trait"", ""sign"": ""Sea-Goat"", ""element"": ""Earth"", ""planet_name"": null, ""house"": null, ""modality"": ""Cardinal"", ""ruler"": ""Saturn""}","Capricorn, symbolized by the Sea-Goat, is ruled by Saturn. It's an Earth sign with Cardinal modality.  Key attributes include ambition, discipline, and status-consciousness.  Additional traits are feminine, South direction, dark color, knees as the associated body part, Tamas Guna, Vata Dosha, even sign, and semi-fertile. (Additional Context: As an Earth sign ruled by Saturn, Capricorns are often grounded and practical, focused on achieving tangible results. Their cardinal modality suggests they are initiators and leaders. The association with the South direction may indicate a connection to ancestral wisdom or past karma.  The dark color association could represent depth and seriousness.  Knees as the body part may symbolize resilience and the ability to endure hardship. Tamas Guna implies a tendency towards inertia, which can manifest as procrastination or resistance to change. Vata Dosha suggests a predisposition to qualities like dryness, coldness, and movement, which can influence both physical and mental health.)"
2e34a36e70affe4b2509e7e62c142b80605e3fe8879efa262b8d7d43d9f6dc15,"Symbol: Sea-Goat. Ruler: Saturn. Element: Earth. Modality: Cardinal. Attributes: Ambitious, disciplined, status-conscious. Additional: Feminine, South direction, Dark color, Body part: Knees. Guna: Tamas. Dosha: Vata. Even sign. Fertility: Semi-fertile. Class: Quadruped.",p60-61,BPHS_GCS,2025-09-23T11:00:25.501077,planet_profile,,Foundational Concepts,Astrological Principles,"classification,definition,general_principle","{""type"": ""planet_profile"", ""planet_name"": null, ""house"": null, ""aspects_house"": null, ""karaka_for"": null, ""state"": null, ""sign"": ""Capricorn"", ""friends"": null, ""enemies"": null, ""neutral_to"": null}","Capricorn is symbolized by the Sea-Goat, ruled by Saturn, and belongs to the Earth element. It's a cardinal sign known for ambition, discipline, and status-consciousness.  Additional attributes include feminine energy, association with the South direction, dark colors, and the body part of knees. Its Guna is Tamas, Dosha is Vata, and it's considered an even, semi-fertile sign, classified as a quadruped. (Additional Context: Capricorn's connection to Saturn brings a focus on structure, responsibility, and long-term goals.  Its earthy nature grounds its ambitions, while the cardinal modality signifies initiative and leadership. The Sea-Goat symbolism reflects its ability to navigate both the material and emotional realms.)"
85cb39caa8157bb641a46dae5cf66510276a7904bdc36610c834edecad26239d,Symbol: Twins. Ruler: Mercury.,p60-61,BPHS_GCS,2025-09-23T11:00:25.501208,planet_profile,,Foundational Concepts,Astrological Principles,"classification,definition,general_principle","{""type"": ""planet_profile"", ""planet_name"": ""Mercury"", ""house"": null, ""aspects_house"": null, ""karaka_for"": null, ""state"": null, ""sign"": null, ""friends"": null, ""enemies"": null, ""neutral_to"": null}","Mercury is the ruler of Gemini, which is symbolized by the Twins. (Additional Context: In astrology, Gemini is an air sign known for communication, intellect, and adaptability. Mercury's influence as the ruler emphasizes these traits.  The Twins symbolism suggests duality, versatility, and a quick mind.)"
e0ebb849fdfd810125dd3123fedd913f0f48e504e0ed65af6d77de6de62df460,"Taurus (Vrishabha)
Symbol: Bull. Ruler: Venus. Element: Earth. Modality: Fixed.",p60-61,BPHS_GCS,2025-09-23T11:00:25.501379,sign_trait,,Foundational Concepts,Astrological Principles,"classification,definition,general_principle","{""type"": ""sign_trait"", ""sign"": ""Taurus"", ""element"": ""Earth"", ""planet_name"": null, ""house"": null, ""modality"": ""Fixed"", ""ruler"": ""Venus""}","Taurus, symbolized by the Bull, is an Earth sign with a Fixed modality. It is ruled by the planet Venus. (Additional Context: Taurus is known for its grounded nature, appreciation for beauty and luxury, and a determined, steady approach to life.  Being a fixed sign, they can be resistant to change.)"
5220950c271a61f6bfbaac8226fbf2b5d4e1a835159705ef3b60cd768cf3b965,"Taurus (Vrishabha)
Symbol: Bull. Ruler: Venus. Element: Earth. Modality: Fixed.",p60-61,BPHS_GCS,2025-09-23T11:00:25.501382,planet_profile,,Foundational Concepts,Astrological Principles,"classification,definition,general_principle","{""type"": ""planet_profile"", ""planet_name"": ""Venus"", ""house"": null, ""aspects_house"": null, ""karaka_for"": null, ""state"": null, ""sign"": ""Taurus"", ""friends"": null, ""enemies"": null, ""neutral_to"": null}","Venus rules Taurus, a fixed earth sign symbolized by the Bull. (Additional Context: Taurus is associated with sensuality, practicality, and a love for the finer things in life. Venus's placement here amplifies these qualities.  As a fixed sign, Taurus exhibits determination and stability.)"
aae0dec415588ddb2b402d26adfd0af2ab2cf54cb299c8ee525b8fcf2ee5df17,"Taurus (Vrishabha)
Symbol: Bull. Ruler: Venus. Element: Earth. Modality: Fixed.
Attributes: Stable, patient, sensual, resourceful.
Additional: Feminine, South direction, White color, Body part: Face/neck. Guna: Rajas. Dosha:
Kapha. Even sign. Fertility: Fertile. Class: Quadruped.",p60-61,BPHS_GCS,2025-09-23T11:00:25.501799,dosha,,Foundational Concepts,Astrological Principles,"definition,general_principle","{""type"": ""dosha"", ""name"": ""Kapha"", ""components"": [""Kapha""]}","Taurus, symbolized by the Bull, is ruled by Venus and associated with the Earth element and Fixed modality. Key attributes include stability, patience, sensuality, and resourcefulness.  Additional characteristics are feminine, South direction, white color, face/neck as the body part, Rajas Guna, Kapha Dosha, even sign, and fertile. (Additional Context: Taurus individuals are known for their grounded nature and appreciation for the finer things in life.  Their Venusian influence can manifest as a love for art, beauty, and luxury. The fixed modality suggests a strong will and determination.)"
66b7625d9719690071772c93926d9edd06c56bbfb409a2767ada5d9927f8848a,"Taurus (Vrishabha)
Symbol: Bull. Ruler: Venus. Element: Earth. Modality: Fixed.
Attributes: Stable, patient, sensual, resourceful.
Additional: Feminine, South direction, White color, Body part: Face/neck. Guna: Rajas. Dosha:
Kapha. Even sign. Fertility: Fertile. Class: Quadruped.",p60-61,BPHS_GCS,2025-09-23T11:00:25.501792,sign_trait,,core_self_vitality,Identity & Personality,self_identity_character,"{""type"": ""sign_trait"", ""sign"": ""Taurus"", ""element"": ""Earth"", ""planet_name"": null, ""house"": null, ""modality"": ""Fixed"", ""ruler"": ""Venus""}","Taurus, symbolized by the Bull, is ruled by Venus and associated with the Earth element and a fixed modality. Key attributes include stability, patience, sensuality, and resourcefulness.  Additional characteristics are feminine, South direction, white color, face/neck as the body part, Rajas Guna, and Kapha Dosha. It's considered an even sign with fertile properties and classified as quadruped. (Additional Context: Taurus individuals are often associated with a love for beauty, luxury, and the finer things in life. Their fixed nature can make them resistant to change, but also determined and grounded in their pursuits.)"
1c10aa132ceb0fd778efecce44f17775f97d590a1f54dbf8fe7de4631b3dc665,"Taurus (Vrishabha)
Symbol: Bull. Ruler: Venus. Element: Earth. Modality: Fixed.
Attributes: Stable, patient, sensual, resourceful.
Additional: Feminine, South direction, White color, Body part: Face/neck. Guna: Rajas. Dosha:
Kapha. Even sign. Fertility: Fertile. Class: Quadruped.",p60-61,BPHS_GCS,2025-09-23T11:00:25.501796,planet_profile,,Foundational Concepts,Astrological Principles,"classification,definition,general_principle","{""type"": ""planet_profile"", ""planet_name"": null, ""house"": null, ""aspects_house"": null, ""karaka_for"": null, ""state"": null, ""sign"": ""Taurus"", ""friends"": null, ""enemies"": null, ""neutral_to"": null}","Taurus, symbolized by the Bull and ruled by Venus, is a fixed earth sign known for stability, patience, sensuality, and resourcefulness.  It's associated with the feminine, south direction, white color, the face/neck, Rajas Guna, Kapha Dosha, and is considered an even and fertile sign classified as quadruped. (Additional Context: Taurus individuals are often drawn to luxury and comfort. Their fixed nature can make them resistant to change, but also grants them unwavering determination.  Venus' influence bestows artistic inclinations and a love for beauty.)"
3852d20417f28ae524fa897eba4112c9b6cbc9c0cd269acc6d23630df7773642,"Taurus (Vrishabha)
Symbol: Bull. Ruler: Venus. Element: Earth. Modality: Fixed.
Attributes: Stable, patient, sensual, resourceful.
Additional: Feminine, South direction, White color, Body part: Face/neck. Guna: Rajas. Dosha: Kapha. Even sign. Fertility: Fertile. Class: Quadruped.",p60-61,BPHS_GCS,2025-09-23T11:00:25.502178,planet_profile,,core_self_vitality,Identity & Personality,"physical_appearance,self_identity_character","{""type"": ""planet_profile"", ""planet_name"": null, ""house"": null, ""aspects_house"": null, ""karaka_for"": null, ""state"": null, ""sign"": ""Taurus"", ""friends"": null, ""enemies"": null, ""neutral_to"": null}","Taurus, symbolized by the Bull and ruled by Venus, is a fixed earth sign known for stability, patience, sensuality, and resourcefulness.  It's associated with the feminine, south direction, white color, the face/neck, Rajas Guna, Kapha Dosha, and is considered an even and fertile sign. (Additional Context: Taurus individuals are often drawn to luxury and comfort. Their fixed nature can make them resistant to change, but also grants them unwavering determination.  Venus' influence bestows artistic inclinations and a love for beauty.)"
5f3a6ce2bf1fb85541b060f03622a76ca57626619d440a3bcc71818df600ec00,"Taurus (Vrishabha)
Symbol: Bull. Ruler: Venus. Element: Earth. Modality: Fixed.
Attributes: Stable, patient, sensual, resourceful.
Additional: Feminine, South direction, White color, Body part: Face/neck. Guna: Rajas. Dosha: Kapha. Even sign. Fertility: Fertile. Class: Quadruped.",p60-61,BPHS_GCS,2025-09-23T11:00:25.502181,dosha,,Foundational Concepts,Astrological Principles,"definition,general_principle","{""type"": ""dosha"", ""name"": ""Kapha"", ""components"": [""Kapha""]}","Taurus, symbolized by the Bull, is ruled by Venus and associated with the Earth element and Fixed modality. Key attributes include stability, patience, sensuality, and resourcefulness.  Additional characteristics are feminine, South direction, white color, face/neck as the body part, Rajas Guna, Kapha Dosha, even sign, and fertile. (Additional Context: Taurus individuals are known for their grounded nature and appreciation for the finer things in life.  Their Venusian influence can manifest as a love for art, beauty, and luxury.  The fixed modality suggests a strong will and determination.)"
1c9963973090ddc729dd005c91d50ce429919574e3d111a666774c669e2a485b,"Taurus (Vrishabha)
Symbol: Bull. Ruler: Venus. Element: Earth. Modality: Fixed.
Attributes: Stable, patient, sensual, resourceful.
Additional: Feminine, South direction, White color, Body part: Face/neck. Guna: Rajas. Dosha: Kapha. Even sign. Fertility: Fertile. Class: Quadruped.",p60-61,BPHS_GCS,2025-09-23T11:00:25.502175,sign_trait,,core_self_vitality,Identity & Personality,self_identity_character,"{""type"": ""sign_trait"", ""sign"": ""Taurus"", ""element"": ""Earth"", ""planet_name"": null, ""house"": null, ""modality"": ""Fixed"", ""ruler"": ""Venus""}","Taurus, symbolized by the Bull, is ruled by Venus and associated with the Earth element and a fixed modality. Key attributes include stability, patience, sensuality, and resourcefulness.  Additional characteristics are feminine, South direction, white color, face/neck as the related body part, Rajas Guna, Kapha Dosha, even sign, and fertile. (Additional Context: Taurus individuals are often associated with a love for beauty, luxury, and the finer things in life. Their fixed nature can make them resistant to change, but also determined and loyal.  Venus' influence emphasizes their artistic inclinations and appreciation for harmony.)"
2f3b813def7df455b0ac26a6d3dc39d45f94b8bc96e5044dc82d264a2d3e648d,Virgo (Kanya),p60-61,BPHS_GCS,2025-09-23T11:00:25.502294,sign_trait,,Foundational Concepts,Astrological Principles,"classification,definition,general_principle","{""type"": ""sign_trait"", ""sign"": ""Virgo"", ""element"": ""Earth"", ""planet_name"": ""Mercury"", ""house"": 6, ""modality"": ""Mutable"", ""ruler"": ""Mercury""}","Virgo is an Earth sign ruled by Mercury. (Additional Context: People with prominent Virgo placements are often analytical, detail-oriented, and health-conscious.  They may also be drawn to service-oriented professions.)"
57874b5c56c2b6e312a168a5cf9f773e2e71e7b4da478c6273f450ab8f3c97ca,"Virgo (Kanya)
Symbol: Maiden. Ruler: Mercury. Element: Earth. Modality: Dual.",p60-61,BPHS_GCS,2025-09-23T11:00:25.502458,sign_trait,,Foundational Concepts,Astrological Principles,"classification,definition,general_principle","{""type"": ""sign_trait"", ""sign"": ""Virgo"", ""element"": ""Earth"", ""planet_name"": null, ""house"": null, ""modality"": ""Dual"", ""ruler"": ""Mercury""}","Virgo, symbolized by the Maiden, is an Earth sign ruled by Mercury with a dual modality. (Additional Context: People born under the sign of Virgo are known for being analytical, practical, and detail-oriented.  Their dual nature allows them to see both sides of a situation.  As an Earth sign, they are grounded and value stability.)"
3903710cb244f9c75011c29621d666cf30c0246bd960b9a33ecf5ed5052bf25a,"Virgo (Kanya)
Symbol: Maiden. Ruler: Mercury. Element: Earth. Modality: Dual.",p60-61,BPHS_GCS,2025-09-23T11:00:25.502461,planet_profile,,Foundational Concepts,Astrological Principles,"classification,definition,general_principle","{""type"": ""planet_profile"", ""planet_name"": ""Mercury"", ""house"": null, ""aspects_house"": null, ""karaka_for"": null, ""state"": null, ""sign"": ""Virgo"", ""friends"": null, ""enemies"": null, ""neutral_to"": null}","Virgo, symbolized by the Maiden, is ruled by Mercury, belongs to the Earth element, and has a dual modality. (Additional Context: Mercury's placement in Virgo suggests strong analytical and communication skills.  The dual nature of Virgo may manifest as adaptability and attention to detail. Being an Earth sign, Virgo is often associated with practicality and groundedness.)"
